coverage_ratio,inspection_success_rate,mission_time,total_energy_consumption,collision_count,near_miss_count,communication_loss_count,invalid_action_count,detected_targets,inspected_targets,candidate_targets,redundant_coverage_proxy,termination_reason,reward
0.0225,0.0,1,0.4,0,0,0,0,0,0,0,0.0,,0.07
0.0275,0.0,2,0.8,0,0,0,0,0,0,0,0.0,,0.15
0.0275,0.0,3,1.2000000000000002,0,0,0,0,0,0,0,0.0,,-0.07
0.0275,0.0,4,1.6000000000000003,0,0,0,0,0,0,0,0.0,,-0.09000000000000001
0.0275,0.0,5,2.0000000000000004,0,0,0,0,0,0,0,0.0,,-0.11000000000000003
0.0275,0.0,6,2.4000000000000004,0,0,0,0,0,0,0,0.08333333333333333,,-0.13000000000000003
0.0275,0.0,7,2.8000000000000003,0,0,0,0,0,0,0,0.21428571428571427,,-0.15000000000000002
0.0275,0.0,8,3.2,0,0,0,0,0,0,0,0.3125,,-0.17000000000000004
0.03,0.0,9,3.6,0,0,0,0,0,0,0,0.3333333333333333,,-0.09000000000000001
0.0325,0.0,10,4.0,0,0,0,0,0,0,0,0.35,,-0.11
0.0375,0.0,11,4.3999999999999995,0,0,0,0,0,0,0,0.3181818181818182,,-0.029999999999999964
0.04,0.0,12,4.799999999999999,0,0,0,0,0,0,0,0.3333333333333333,,-0.14999999999999997
0.0525,0.0,13,5.199999999999998,0,0,0,0,0,0,0,0.19230769230769232,,0.23000000000000004
0.0575,0.0,14,5.499999999999998,0,0,0,0,0,0,0,0.17857142857142858,,-0.0849999999999999
0.0675,0.0,15,5.799999999999998,0,0,0,0,0,0,0,0.1,,0.1000000000000001
0.075,0.0,16,6.099999999999998,0,0,0,0,0,0,0,0.0625,,-0.014999999999999894
0.085,0.0,17,6.399999999999998,0,0,0,0,0,0,0,0.0,,0.07000000000000013
0.09,0.0,18,6.6999999999999975,0,0,0,0,0,0,0,0.0,,-0.1449999999999999
0.105,0.0,19,6.999999999999997,0,0,0,0,0,0,0,0.0,,0.2400000000000002
0.11,0.0,20,7.299999999999997,0,0,0,0,0,0,0,0.0,,-0.17499999999999988
0.12,0.0,21,7.599999999999997,0,0,0,0,0,0,0,0.0,,0.010000000000000129
0.1275,0.0,22,7.899999999999997,0,0,0,0,0,0,0,0.0,,-0.1049999999999998
0.1375,0.0,23,8.199999999999996,0,0,0,0,0,0,0,0.0,,-0.01999999999999979
0.1425,0.0,24,8.499999999999996,0,0,0,0,0,0,0,0.0,,-0.23499999999999982
0.1575,0.0,25,8.799999999999997,0,0,0,0,0,0,0,0.0,,0.1500000000000002
0.165,0.0,26,9.099999999999998,0,0,0,0,0,0,0,0.0,,-0.16499999999999987
0.175,0.0,27,9.399999999999999,0,0,0,0,0,0,0,0.0,,-0.07999999999999995
0.185,0.0,28,9.7,0,0,1,0,0,0,0,0.0,,-0.19499999999999998
0.1925,0.0,29,10.0,0,0,2,0,0,0,0,0.0,,-0.41
0.195,0.0,30,10.3,0,0,3,0,0,0,0,0.0,,-0.7250000000000001
0.2125,0.0,31,10.600000000000001,0,0,4,0,0,0,0,0.0,,-0.2400000000000001
0.22,0.0,32,10.900000000000002,0,0,5,0,0,0,0,0.0,,-0.7550000000000001
0.23,0.0,33,11.200000000000003,0,0,6,0,0,0,0,0.0,,-0.7700000000000002
0.24,0.0,34,11.500000000000004,0,0,7,0,0,0,0,0.0,,-0.8850000000000002
0.2475,0.0,35,11.800000000000004,0,0,8,0,1,0,1,0.0,,1.8999999999999995
0.2525,0.0,36,11.950000000000005,0,0,9,0,1,0,1,0.0,,1.6925000000000001
0.265,0.0,37,12.100000000000005,0,0,10,0,1,0,1,0.0,,1.8849999999999996
0.2725,0.0,38,12.250000000000005,0,0,11,0,1,0,1,0.0,,1.5774999999999995
0.28,0.0,39,12.400000000000006,0,0,12,0,2,0,2,0.0,,4.47
0.2925,0.0,40,12.550000000000006,0,0,13,0,2,0,2,0.0,,4.5625
0.2975,0.0,41,12.700000000000006,0,0,14,0,2,0,2,0.0,,4.154999999999999
0.3075,0.0,42,12.850000000000007,0,0,15,0,2,0,2,0.0,,4.2475000000000005
0.3175,0.0,43,13.000000000000007,0,0,16,0,2,0,2,0.0,,4.140000000000001
0.3225,0.0,44,13.150000000000007,0,0,17,0,2,0,2,0.0,,3.8324999999999996
0.335,0.0,45,13.300000000000008,0,0,18,0,2,0,2,0.0,,4.0249999999999995
0.345,0.0,46,13.450000000000008,0,0,19,0,2,0,2,0.0,,3.8175
0.3525,0.0,47,13.600000000000009,0,0,20,0,2,0,2,0.0,,3.6099999999999994
0.3575,0.0,48,13.750000000000009,0,0,21,0,2,0,2,0.0,,3.4024999999999994
0.3675,0.0,49,13.90000000000001,0,0,22,0,2,0,2,0.0,,3.495
0.37,0.0,50,14.05000000000001,0,0,23,0,2,0,2,0.0,,3.087499999999999
0.38,0.0,51,14.20000000000001,0,0,24,0,2,0,2,0.0,,3.2799999999999994
0.3825,0.0,52,14.35000000000001,0,0,25,0,2,0,2,0.0,,2.8724999999999996
0.385,0.0,53,14.50000000000001,0,0,26,0,2,0,2,0.0,,2.7649999999999992
0.385,0.0,54,14.650000000000011,0,0,27,0,2,0,2,0.0,,2.557499999999999
0.385,0.0,55,14.900000000000011,0,0,28,0,2,0,2,0.0,,2.444999999999999
0.3875,0.0,56,15.150000000000011,0,0,29,0,2,0,2,0.0,,2.432499999999999
0.3925,0.0,57,15.400000000000011,0,0,30,0,2,0,2,0.0,,2.42
0.3975,0.0,58,15.550000000000011,0,0,31,0,2,0,2,0.0,,2.3124999999999996
0.4,0.0,59,15.700000000000012,0,0,32,0,2,0,2,0.0,,2.1049999999999995
0.4075,0.0,60,15.950000000000012,0,0,33,0,2,0,2,0.0,,2.1924999999999994
0.415,0.0,61,16.100000000000012,0,0,34,0,2,0,2,0.0,,2.084999999999999
0.4225,0.0,62,16.250000000000014,0,0,35,0,2,0,2,0.0,,1.977499999999999
0.43,0.0,63,16.400000000000016,0,0,36,0,2,0,2,0.0,,1.8699999999999986
0.44,0.0,64,16.55000000000002,0,0,37,0,2,0,2,0.0,,1.8624999999999996
0.4475,0.0,65,16.70000000000002,0,0,38,0,2,0,2,0.0,,1.6549999999999987
0.4525,0.0,66,16.850000000000023,0,0,39,0,2,0,2,0.0,,1.4474999999999987
0.4625,0.0,67,17.000000000000025,0,0,40,0,2,0,2,0.0,,1.539999999999999
0.4675,0.0,68,17.150000000000027,0,0,41,0,2,0,2,0.0,,1.232499999999998
0.475,0.0,69,17.30000000000003,0,0,42,0,2,0,2,0.0,,1.2249999999999985
0.4825,0.0,70,17.45000000000003,0,0,43,0,2,0,2,0.0,,1.1174999999999986
0.4875,0.0,71,17.600000000000033,0,0,44,0,2,0,2,0.0,,0.9099999999999981
0.495,0.0,72,17.750000000000036,0,0,45,0,2,0,2,0.0,,0.9024999999999979
0.4975,0.0,73,17.900000000000038,0,0,46,0,2,0,2,0.0,,0.5949999999999969
0.5,0.0,74,18.05000000000004,0,0,47,0,2,0,2,0.0,,0.4874999999999978
0.5,0.0,75,18.200000000000042,0,0,48,0,2,0,2,0.0,,0.27999999999999736
0.5075,0.0,76,18.350000000000044,0,0,49,0,2,0,2,0.0,,0.47249999999999726
0.5075,0.0,77,18.500000000000046,0,0,50,0,2,0,2,0.0,,0.06499999999999752
0.51,0.0,78,18.65000000000005,0,0,50,0,2,0,2,0.0,,0.15749999999999686
0.5125,0.0,79,18.80000000000005,0,0,50,0,2,0,2,0.0,,0.14999999999999658
0.515,0.0,80,18.950000000000053,0,0,50,0,2,0,2,0.0,,0.14249999999999718
0.515,0.0,81,19.100000000000055,0,0,50,0,2,0,2,0.0,,0.03499999999999726
0.515,0.0,82,19.250000000000057,0,0,50,0,2,0,2,0.0,,0.027499999999996978
0.5175,0.0,83,19.40000000000006,0,0,50,0,2,0,2,0.0,,0.11999999999999635
0.525,0.0,84,19.55000000000006,0,0,50,0,2,0,2,0.0,,0.3124999999999962
0.525,0.0,85,19.700000000000063,0,0,50,0,2,0,2,0.0,,0.0049999999999970155
0.535,0.0,86,19.850000000000065,0,0,50,0,2,0,2,0.0,,0.3974999999999971
0.5425,0.0,87,20.000000000000068,0,0,50,0,2,0,2,0.0,,0.28999999999999626
0.5475,0.0,88,20.15000000000007,0,0,50,0,2,0,2,0.0,,0.18249999999999633
0.555,0.0,89,20.30000000000007,0,0,50,0,2,0,2,0.0,,0.2749999999999966
0.5575,0.0,90,20.450000000000074,0,0,50,0,2,0,2,0.0,,0.06749999999999613
0.5675,0.0,91,20.600000000000076,0,0,50,0,2,0,2,0.0,,0.35999999999999654
0.5725,0.0,92,20.750000000000078,0,0,50,0,2,0,2,0.0,,0.15249999999999608
0.5775,0.0,93,20.90000000000008,0,0,50,0,2,0,2,0.0,,0.1449999999999958
0.58,0.0,94,21.050000000000082,0,0,50,0,2,0,2,0.0,,0.03749999999999588
0.58,0.0,95,21.300000000000086,0,0,50,0,2,0,2,0.0,,-0.07500000000000483
0.5825,0.0,96,21.55000000000009,0,0,50,0,2,0,2,0.0,,0.012499999999995523
0.5825,0.0,97,21.800000000000093,0,0,50,0,2,0,2,0.0,,-0.10000000000000518
0.585,0.0,98,22.050000000000097,0,0,50,0,2,0,2,0.0,,-0.012500000000004832
0.585,0.0,99,22.2000000000001,0,0,50,0,2,0,2,0.0,,-0.12000000000000476
0.585,0.0,100,22.3500000000001,0,0,50,0,2,0,2,0.0,,-0.12750000000000505
0.585,0.0,101,22.500000000000103,0,0,50,0,2,0,2,0.0,,-0.13500000000000534
0.585,0.0,102,22.750000000000107,0,0,50,0,2,0,2,0.0,,-0.14750000000000552
0.5875,0.0,103,23.00000000000011,0,0,50,0,2,0,2,0.0,,-0.06000000000000604
0.5875,0.0,104,23.250000000000114,0,0,50,0,2,0,2,0.0,,-0.17250000000000587
0.5875,0.0,105,23.400000000000116,0,0,50,0,2,0,2,0.0,,-0.18000000000000616
0.5875,0.0,106,23.65000000000012,0,0,50,0,2,0,2,0.0,,-0.19250000000000633
0.5875,0.0,107,23.900000000000123,0,0,50,0,2,0,2,0.0,,-0.2050000000000065
0.5875,0.0,108,24.150000000000126,0,0,50,0,2,0,2,0.0,,-0.2175000000000067
0.5875,0.0,109,24.40000000000013,0,0,50,0,2,0,2,0.0,,-0.23000000000000687
0.5875,0.0,110,24.550000000000132,0,0,50,0,2,0,2,0.0,,-0.23750000000000626
0.5875,0.0,111,24.800000000000136,0,0,50,0,2,0,2,0.0,,-0.2500000000000073
0.5875,0.0,112,24.950000000000138,0,0,50,0,2,0,2,0.0,,-0.2575000000000067
0.5875,0.0,113,25.20000000000014,0,0,50,0,2,0,2,0.0,,-0.2700000000000069
0.5875,0.0,114,25.350000000000144,0,0,50,0,2,0,2,0.0,,-0.2775000000000072
0.5875,0.0,115,25.600000000000147,0,0,50,0,2,0,2,0.0,,-0.29000000000000736
0.5875,0.0,116,25.75000000000015,0,0,50,0,2,0,2,0.0,,-0.29750000000000765
0.5875,0.0,117,26.000000000000153,0,0,51,0,2,0,2,0.0,,-0.41000000000000836
0.5875,0.0,118,26.250000000000156,0,0,52,0,2,0,2,0.00423728813559322,,-0.5225000000000082
0.5875,0.0,119,26.50000000000016,0,0,53,0,2,0,2,0.012605042016806723,,-0.6350000000000089
0.59,0.0,120,26.750000000000163,0,0,54,0,2,0,2,0.016666666666666666,,-0.6475000000000091
0.59,0.0,121,27.000000000000167,0,0,54,0,2,0,2,0.024793388429752067,,-0.7600000000000089
0.5925,0.0,122,27.25000000000017,0,0,54,0,2,0,2,0.028688524590163935,,-0.6725000000000094
0.5975,0.0,123,27.400000000000173,0,0,54,0,2,0,2,0.028455284552845527,,-0.5800000000000092
0.5975,0.0,124,27.550000000000175,0,0,54,0,2,0,2,0.036290322580645164,,-0.7875000000000087
0.5975,0.0,125,27.700000000000177,0,0,54,0,2,0,2,0.044,,-0.795000000000009
0.6025,0.0,126,27.85000000000018,0,0,54,0,2,0,2,0.04365079365079365,,-0.6025000000000091
0.605,0.0,127,28.00000000000018,0,0,54,0,2,0,2,0.047244094488188976,,-0.71000000000001
0.615,0.0,128,28.150000000000183,0,0,54,0,2,0,2,0.0390625,,-0.41750000000000953
0.6175,0.0,129,28.300000000000185,0,0,54,0,2,0,2,0.04263565891472868,,-0.7250000000000105
0.625,0.0,130,28.450000000000188,0,0,54,0,2,0,2,0.038461538461538464,,-0.5325000000000097
0.625,0.0,131,28.60000000000019,0,0,55,0,2,0,2,0.04580152671755725,,-0.9400000000000095
0.625,0.0,132,28.750000000000192,0,0,56,0,2,0,2,0.05303030303030303,,-1.0475000000000103
0.625,0.0,133,28.900000000000194,0,0,57,0,2,0,2,0.06015037593984962,,-1.1550000000000102
0.625,0.0,134,29.150000000000198,0,0,58,0,2,0,2,0.06716417910447761,,-1.267500000000011
0.625,0.0,135,29.4000000000002,0,0,59,0,2,0,2,0.07407407407407407,,-1.3800000000000108
0.625,0.0,136,29.650000000000205,0,0,60,0,2,0,2,0.08088235294117647,,-1.4925000000000106
0.625,0.0,137,29.800000000000207,0,0,61,0,2,0,2,0.08759124087591241,,-1.6000000000000114
0.6275,0.0,138,30.05000000000021,0,0,62,0,2,0,2,0.09057971014492754,,-1.6125000000000107
0.6325,0.0,139,30.300000000000214,0,0,63,0,2,0,2,0.08992805755395683,,-1.6250000000000109
0.6325,0.0,140,30.450000000000216,0,0,64,0,2,0,2,0.09642857142857143,,-1.932500000000011
0.635,0.0,141,30.70000000000022,0,0,65,0,2,0,2,0.09929078014184398,,-1.9450000000000112
0.64,0.0,142,30.950000000000223,0,0,67,0,2,0,2,0.09859154929577464,,-2.0575000000000108
0.645,0.0,143,31.200000000000227,0,0,69,0,2,0,2,0.0979020979020979,,-2.270000000000011
0.6475,0.0,144,31.45000000000023,0,0,71,0,2,0,2,0.10069444444444445,,-2.582500000000012
0.6625,0.0,145,31.700000000000234,0,0,73,0,2,0,2,0.08620689655172414,,-2.2950000000000124
0.6675,0.0,146,31.850000000000236,0,0,75,0,2,0,2,0.08561643835616438,,-2.9025000000000114
0.6775,0.0,147,32.000000000000234,0,0,77,0,2,0,2,0.0782312925170068,,-2.9100000000000117
0.685,0.0,148,32.15000000000023,0,0,79,0,2,0,2,0.07432432432432433,,-3.217500000000012
0.695,0.0,149,32.30000000000023,0,0,81,0,2,0,2,0.06711409395973154,,-3.325000000000011
0.705,0.0,150,32.45000000000023,0,0,83,0,2,0,2,0.06,,-3.5325000000000113
0.7175,0.0,151,32.60000000000023,0,0,85,0,2,0,2,0.04966887417218543,,-3.6400000000000112
0.7225,0.0,152,32.75000000000023,0,0,87,0,2,0,2,0.049342105263157895,,-4.147500000000012
0.725,0.0,153,32.900000000000226,0,0,89,0,2,0,2,0.05228758169934641,,-4.455000000000012
0.7325,0.0,154,33.050000000000225,0,0,91,0,2,0,2,0.048701298701298704,,-4.462500000000011
0.735,0.0,155,33.20000000000022,0,0,93,0,2,0,2,0.05161290322580645,,-4.870000000000012
0.7375,0.0,156,33.35000000000022,0,0,95,0,2,0,2,0.05448717948717949,,-5.077500000000011
0.745,0.0,157,33.50000000000022,0,0,97,0,2,0,2,0.050955414012738856,,-5.085000000000012
0.7475,0.0,158,33.65000000000022,0,0,99,0,2,0,2,0.05379746835443038,,-5.492500000000011
0.75,0.0,159,33.80000000000022,0,0,99,0,2,0,2,0.05660377358490566,,-5.5000000000000115
0.755,0.0,160,33.950000000000216,0,0,101,0,2,0,2,0.05625,,-5.607500000000012
0.76,0.0,161,34.100000000000215,0,0,101,0,2,0,2,0.055900621118012424,,-5.615000000000012
0.7625,0.0,162,34.25000000000021,0,0,103,0,2,0,2,0.05864197530864197,,-5.922500000000012
0.7625,0.0,163,34.40000000000021,0,0,105,0,2,0,2,0.06441717791411043,,-6.23000000000001
0.7625,0.0,164,34.55000000000021,0,0,107,0,2,0,2,0.0701219512195122,,-6.4375000000000115
0.7625,0.3333333333333333,165,34.85000000000021,0,0,109,0,2,1,2,0.07575757575757576,,18.347499999999986
0.765,0.3333333333333333,166,35.250000000000206,0,0,111,0,2,1,2,0.0783132530120482,,-6.7725000000000115
0.765,0.3333333333333333,167,35.650000000000205,0,0,113,0,2,1,2,0.08383233532934131,,-7.092500000000011
0.77,0.3333333333333333,168,36.0500000000002,0,0,115,0,2,1,2,0.08333333333333333,,-7.11250000000001
0.77,0.3333333333333333,169,36.4500000000002,0,0,117,0,2,1,2,0.08875739644970414,,-7.532500000000011
0.775,0.3333333333333333,170,36.7500000000002,0,0,119,0,2,1,2,0.08823529411764706,,-7.54750000000001
0.775,0.3333333333333333,171,37.050000000000196,0,0,121,0,2,1,2,0.0935672514619883,,-7.962500000000011
0.78,0.3333333333333333,172,37.35000000000019,0,0,123,0,3,1,3,0.09302325581395349,,-4.977500000000011
0.78,0.3333333333333333,173,37.65000000000019,0,0,125,0,3,1,3,0.09826589595375723,,-5.392500000000009
0.78,0.3333333333333333,174,37.95000000000019,0,0,127,0,3,1,3,0.10344827586206896,,-5.607500000000011
0.785,0.3333333333333333,175,38.250000000000185,0,0,129,0,3,1,3,0.10285714285714286,,-5.62250000000001
0.785,0.3333333333333333,176,38.55000000000018,0,0,131,0,3,1,3,0.10795454545454546,,-6.03750000000001
0.785,0.3333333333333333,177,38.85000000000018,0,0,133,0,3,1,3,0.11299435028248588,,-6.252500000000009
0.785,0.3333333333333333,178,39.150000000000176,0,0,135,0,3,1,3,0.11797752808988764,,-6.467500000000008
0.785,0.3333333333333333,179,39.45000000000017,0,0,137,0,3,1,3,0.12290502793296089,,-6.68250000000001
0.785,0.3333333333333333,180,39.75000000000017,0,0,139,0,3,1,3,0.12777777777777777,,-6.897500000000009
0.7875,0.3333333333333333,181,40.05000000000017,0,0,141,0,3,1,3,0.1298342541436464,,-7.01250000000001
0.79,0.3333333333333333,182,40.350000000000165,0,0,141,0,3,1,3,0.13186813186813187,,-7.0275000000000105
0.79,0.3333333333333333,183,40.65000000000016,0,0,141,0,3,1,3,0.1366120218579235,,-7.142500000000009
0.79,0.3333333333333333,184,40.95000000000016,0,0,141,0,3,1,3,0.14130434782608695,,-7.1575000000000095
0.79,0.3333333333333333,185,41.250000000000156,0,0,141,0,3,1,3,0.14594594594594595,,-7.172500000000009
0.79,0.3333333333333333,186,41.55000000000015,0,0,141,0,3,1,3,0.15053763440860216,,-7.187500000000009
0.79,0.3333333333333333,187,41.85000000000015,0,0,141,0,3,1,3,0.15508021390374332,,-7.2025000000000095
0.79,0.3333333333333333,188,42.15000000000015,0,0,141,0,3,1,3,0.1595744680851064,,-7.217500000000008
0.79,0.3333333333333333,189,42.450000000000145,0,0,141,0,3,1,3,0.164021164021164,,-7.232500000000009
0.79,0.3333333333333333,190,42.75000000000014,0,0,141,0,3,1,3,0.16842105263157894,,-7.2475000000000085
0.79,0.3333333333333333,191,43.05000000000014,0,0,141,0,3,1,3,0.17277486910994763,,-7.262500000000008
0.79,0.3333333333333333,192,43.350000000000136,0,0,141,0,3,1,3,0.17708333333333334,,-7.277500000000009
0.79,0.3333333333333333,193,43.650000000000134,0,0,141,0,3,1,3,0.18134715025906736,,-7.2925000000000075
0.79,0.3333333333333333,194,43.95000000000013,0,0,141,0,3,1,3,0.18556701030927836,,-7.307500000000008
0.79,0.3333333333333333,195,44.25000000000013,0,0,141,0,3,1,3,0.18974358974358974,,-7.322500000000008
0.79,0.3333333333333333,196,44.550000000000125,0,0,141,0,3,1,3,0.19387755102040816,,-7.3375000000000075
0.79,0.3333333333333333,197,44.85000000000012,0,0,141,0,3,1,3,0.19796954314720813,,-7.352500000000008
0.79,0.3333333333333333,198,45.15000000000012,0,0,141,0,3,1,3,0.20202020202020202,,-7.367500000000007
0.79,0.3333333333333333,199,45.45000000000012,0,0,141,0,3,1,3,0.20603015075376885,,-7.382500000000007
0.79,0.3333333333333333,200,45.750000000000114,0,0,141,0,3,1,3,0.21,,-7.397500000000007
0.79,0.3333333333333333,201,46.05000000000011,0,0,141,0,3,1,3,0.21393034825870647,,-7.412500000000007
0.79,0.3333333333333333,202,46.35000000000011,0,0,141,0,3,1,3,0.21782178217821782,,-7.427500000000007
0.7925,0.3333333333333333,203,46.650000000000105,0,0,141,0,3,1,3,0.21921182266009853,,-7.3425000000000065
0.8,0.3333333333333333,204,46.9500000000001,0,0,141,0,3,1,3,0.21568627450980393,,-7.157500000000006
0.805,0.3333333333333333,205,47.2500000000001,0,0,141,0,3,1,3,0.2146341463414634,,-7.272500000000007
0.8175,0.3333333333333333,206,47.5500000000001,0,0,141,0,3,1,3,0.20631067961165048,,-6.987500000000006
0.825,0.3333333333333333,207,47.850000000000094,0,0,141,0,3,1,3,0.2028985507246377,,-7.202500000000006
0.83,0.3333333333333333,208,48.15000000000009,0,0,141,0,3,1,3,0.20192307692307693,,-7.317500000000006
0.84,0.3333333333333333,209,48.45000000000009,0,0,141,0,3,1,3,0.19617224880382775,,-7.132500000000006
0.8475,0.3333333333333333,210,48.750000000000085,0,0,141,0,3,1,3,0.19285714285714287,,-7.247500000000005
0.8575,0.3333333333333333,211,49.05000000000008,0,0,141,0,3,1,3,0.1872037914691943,,-7.162500000000005
0.8625,0.3333333333333333,212,49.35000000000008,0,0,141,0,3,1,3,0.18632075471698112,,-7.377500000000007
0.8725,0.3333333333333333,213,49.65000000000008,0,0,141,0,3,1,3,0.1807511737089202,,-7.192500000000004
0.8825,0.3333333333333333,214,49.950000000000074,0,0,141,0,3,1,3,0.17523364485981308,,-7.207500000000005
0.8925,0.3333333333333333,215,50.25000000000007,0,0,141,0,3,1,3,0.1697674418604651,,-7.222500000000005
0.8975,0.3333333333333333,216,50.55000000000007,0,0,141,0,3,1,3,0.16898148148148148,,-7.437500000000005
0.9025,0.3333333333333333,217,50.850000000000065,0,0,141,0,3,1,3,0.16820276497695852,,-7.452500000000006
0.905,0.3333333333333333,218,51.15000000000006,0,0,141,0,3,1,3,0.16972477064220184,,-7.567500000000004
0.9125,0.3333333333333333,219,51.45000000000006,0,0,141,0,3,1,3,0.16666666666666666,,-7.382500000000004
0.9125,0.3333333333333333,220,51.75000000000006,0,0,141,0,3,1,3,0.17045454545454544,,-7.697500000000004
0.9175,0.3333333333333333,221,52.050000000000054,0,0,141,0,3,1,3,0.16968325791855204,,-7.512500000000005
0.9225,0.3333333333333333,222,52.45000000000005,0,0,141,0,3,1,3,0.16891891891891891,,-7.532500000000004
0.9325,0.3333333333333333,223,52.75000000000005,0,0,141,0,3,1,3,0.16367713004484305,,-7.347500000000004
0.935,0.3333333333333333,224,53.05000000000005,0,0,141,0,3,1,3,0.16517857142857142,,-7.662500000000004
0.935,0.3333333333333333,225,53.350000000000044,0,0,141,0,3,1,3,0.1688888888888889,,-7.777500000000003
0.9375,0.3333333333333333,226,53.65000000000004,0,0,141,0,3,1,3,0.17035398230088494,,-7.692500000000004
0.9375,0.3333333333333333,227,53.95000000000004,0,0,141,0,3,1,3,0.17400881057268722,,-7.807500000000003
0.9375,0.3333333333333333,228,54.250000000000036,0,0,141,0,3,1,3,0.17763157894736842,,-7.822500000000003
0.9375,0.3333333333333333,229,54.55000000000003,0,0,141,0,3,1,3,0.1812227074235808,,-7.837500000000003
0.9375,0.3333333333333333,230,54.85000000000003,0,0,141,0,3,1,3,0.18478260869565216,,-7.852500000000003
0.9375,0.3333333333333333,231,55.15000000000003,0,0,141,0,3,1,3,0.18831168831168832,,-7.867500000000003
0.9375,0.3333333333333333,232,55.450000000000024,0,0,141,0,3,1,3,0.19181034482758622,,-7.882500000000002
0.9375,0.3333333333333333,233,55.75000000000002,0,0,141,0,3,1,3,0.19527896995708155,,-7.897500000000003
0.9375,0.3333333333333333,234,56.05000000000002,0,0,141,0,3,1,3,0.1987179487179487,,-7.912500000000002
0.9375,0.3333333333333333,235,56.350000000000016,0,0,141,0,3,1,3,0.20212765957446807,,-7.927500000000002
0.9375,0.3333333333333333,236,56.65000000000001,0,0,141,0,3,1,3,0.2055084745762712,,-7.942500000000003
0.9375,0.3333333333333333,237,56.95000000000001,0,0,141,0,3,1,3,0.2088607594936709,,-7.957500000000001
0.9375,0.3333333333333333,238,57.25000000000001,0,0,141,0,3,1,3,0.21218487394957983,,-7.972500000000002
0.9375,0.3333333333333333,239,57.550000000000004,0,0,141,0,3,1,3,0.21548117154811716,,-7.987500000000002
0.9375,0.3333333333333333,240,57.85,0,0,141,0,3,1,3,0.21875,,-8.002500000000001
0.9375,0.3333333333333333,241,58.15,0,0,141,0,3,1,3,0.22199170124481327,,-8.017500000000002
0.9375,0.3333333333333333,242,58.449999999999996,0,0,143,0,3,1,3,0.22520661157024793,,-8.2325
0.9375,0.3333333333333333,243,58.849999999999994,0,0,145,0,3,1,3,0.22839506172839505,,-8.452499999999999
0.9375,0.3333333333333333,244,59.24999999999999,0,0,147,0,3,1,3,0.23155737704918034,,-8.672500000000001
0.9375,0.3333333333333333,245,59.64999999999999,0,0,149,0,3,1,3,0.23469387755102042,,-8.8925
0.9375,0.3333333333333333,246,60.04999999999999,0,0,151,0,3,1,3,0.23780487804878048,,-9.1125
0.9375,0.3333333333333333,247,60.44999999999999,0,0,153,0,3,1,3,0.2408906882591093,,-9.3325
0.9375,0.3333333333333333,248,60.84999999999999,0,0,155,0,3,1,3,0.2439516129032258,,-9.5525
0.9375,0.3333333333333333,249,61.149999999999984,0,0,157,0,3,1,3,0.2469879518072289,,-9.7675
0.9375,0.3333333333333333,250,61.44999999999998,0,0,157,0,3,1,3,0.25,,-9.7825
0.9375,0.3333333333333333,251,61.74999999999998,0,0,157,0,3,1,3,0.25298804780876494,,-9.7975
0.9375,0.3333333333333333,252,62.049999999999976,0,0,157,0,3,1,3,0.25595238095238093,,-9.8125
0.9375,0.3333333333333333,253,62.34999999999997,0,0,159,0,3,1,3,0.25889328063241107,,-10.027499999999998
0.9375,0.3333333333333333,254,62.64999999999997,0,0,161,0,3,1,3,0.2618110236220472,,-10.2425
0.9375,0.3333333333333333,255,62.94999999999997,0,0,163,0,3,1,3,0.2647058823529412,,-10.4575
0.9375,0.3333333333333333,256,63.349999999999966,0,0,165,0,3,1,3,0.267578125,,-10.677499999999998
0.9375,0.3333333333333333,257,63.749999999999964,0,0,167,0,3,1,3,0.2704280155642023,,-10.897499999999997
0.9375,0.3333333333333333,258,64.04999999999995,0,0,169,0,3,1,3,0.27325581395348836,,-11.112499999999999
0.9375,0.3333333333333333,259,64.44999999999995,0,0,171,0,3,1,3,0.27606177606177607,,-11.332499999999998
0.9375,0.3333333333333333,260,64.84999999999994,0,0,173,0,3,1,3,0.27884615384615385,,-11.552499999999997
0.9375,0.3333333333333333,261,65.24999999999993,0,0,175,0,3,1,3,0.28160919540229884,,-11.772499999999996
0.9375,0.3333333333333333,262,65.64999999999992,0,0,177,0,3,1,3,0.28435114503816794,,-11.992499999999994
0.94,0.3333333333333333,263,65.94999999999992,0,0,179,0,3,1,3,0.28517110266159695,,-12.107499999999998
0.9425,0.3333333333333333,264,66.34999999999991,0,0,181,0,3,1,3,0.2859848484848485,,-12.327499999999997
0.945,0.3333333333333333,265,66.7499999999999,0,0,183,0,3,1,3,0.28679245283018867,,-12.547499999999996
0.945,0.3333333333333333,266,67.14999999999989,0,0,185,0,3,1,3,0.2894736842105263,,-12.867499999999994
0.9525,0.3333333333333333,267,67.44999999999989,0,0,187,0,3,1,3,0.28651685393258425,,-12.782499999999994
0.955,0.3333333333333333,268,67.74999999999989,0,0,189,0,3,1,3,0.2873134328358209,,-13.197499999999996
0.9625,0.3333333333333333,269,68.04999999999988,0,0,191,0,3,1,3,0.2843866171003718,,-13.212499999999995
0.965,0.3333333333333333,270,68.34999999999988,0,0,193,0,3,1,3,0.2851851851851852,,-13.627499999999996
0.965,0.3333333333333333,271,68.64999999999988,0,0,195,0,3,1,3,0.2878228782287823,,-13.942499999999994
0.965,0.3333333333333333,272,68.94999999999987,0,0,197,0,3,1,3,0.29044117647058826,,-14.157499999999997
0.965,0.3333333333333333,273,69.24999999999987,0,0,199,0,3,1,3,0.29304029304029305,,-14.372499999999995
0.965,0.3333333333333333,274,69.64999999999986,0,0,201,0,3,1,3,0.2956204379562044,,-14.592499999999994
0.965,0.3333333333333333,275,70.04999999999986,0,0,203,0,3,1,3,0.29818181818181816,,-14.812499999999993
0.965,0.3333333333333333,276,70.34999999999985,0,0,205,0,3,1,3,0.3007246376811594,,-15.027499999999993
0.965,0.3333333333333333,277,70.74999999999984,0,0,207,0,3,1,3,0.30324909747292417,,-15.247499999999995
0.965,0.3333333333333333,278,71.14999999999984,0,0,209,0,3,1,3,0.3057553956834532,,-15.467499999999994
0.965,0.3333333333333333,279,71.54999999999983,0,0,211,0,3,1,3,0.30824372759856633,,-15.687499999999993
0.965,0.3333333333333333,280,71.94999999999982,0,0,213,0,3,1,3,0.3107142857142857,,-15.907499999999992
0.965,0.3333333333333333,281,72.34999999999981,0,0,215,0,3,1,3,0.31316725978647686,,-16.127499999999994
0.965,0.3333333333333333,282,72.7499999999998,0,0,217,0,3,1,3,0.31560283687943264,,-16.347499999999993
0.965,0.3333333333333333,283,73.14999999999979,0,0,219,0,3,1,3,0.31802120141342755,,-16.567499999999992
0.965,0.3333333333333333,284,73.54999999999978,0,0,221,0,3,1,3,0.3204225352112676,,-16.78749999999999
0.965,0.3333333333333333,285,73.94999999999978,0,0,223,0,3,1,3,0.32280701754385965,,-17.00749999999999
0.965,0.3333333333333333,286,74.34999999999977,0,0,225,0,3,1,3,0.32517482517482516,,-17.22749999999999
0.965,0.3333333333333333,287,74.64999999999976,0,0,227,0,3,1,3,0.32752613240418116,,-17.442499999999992
0.965,0.3333333333333333,288,75.04999999999976,0,0,229,0,3,1,3,0.3298611111111111,,-17.66249999999999
0.965,0.3333333333333333,289,75.44999999999975,0,0,231,0,3,1,3,0.33217993079584773,,-17.88249999999999
0.965,0.3333333333333333,290,75.84999999999974,0,0,233,0,3,1,3,0.33448275862068966,,-18.10249999999999
0.965,0.3333333333333333,291,76.24999999999973,0,0,235,0,3,1,3,0.33676975945017185,,-18.322499999999987
0.965,0.3333333333333333,292,76.64999999999972,0,0,237,0,3,1,3,0.339041095890411,,-18.54249999999999
0.965,0.3333333333333333,293,76.94999999999972,0,0,239,0,3,1,3,0.3412969283276451,,-18.75749999999999
0.965,0.3333333333333333,294,77.34999999999971,0,0,241,0,3,1,3,0.3435374149659864,,-18.97749999999999
0.965,0.3333333333333333,295,77.7499999999997,0,0,243,0,3,1,3,0.34576271186440677,,-19.197499999999987
0.965,0.3333333333333333,296,78.1499999999997,0,0,245,0,3,1,3,0.34797297297297297,,-19.417499999999986
0.965,0.3333333333333333,297,78.54999999999968,0,0,247,0,3,1,3,0.3501683501683502,,-19.63749999999999
0.965,0.3333333333333333,298,78.94999999999968,0,0,249,0,3,1,3,0.3523489932885906,,-19.857499999999987
0.965,0.3333333333333333,299,79.34999999999967,0,0,251,0,3,1,3,0.35451505016722407,,-20.077499999999986
0.965,0.3333333333333333,300,79.74999999999966,0,0,253,0,3,1,3,0.3566666666666667,,-20.297499999999985
0.965,0.3333333333333333,301,80.14999999999965,0,0,255,0,3,1,3,0.3588039867109635,,-20.517499999999984
0.965,0.3333333333333333,302,80.54999999999964,0,0,257,0,3,1,3,0.3609271523178808,,-20.737499999999986
0.965,0.3333333333333333,303,80.94999999999963,0,0,259,0,3,1,3,0.36303630363036304,,-20.957499999999985
0.965,0.3333333333333333,304,81.34999999999962,0,0,261,0,3,1,3,0.3651315789473684,,-21.177499999999984
0.965,0.3333333333333333,305,81.64999999999962,0,0,263,0,3,1,3,0.36721311475409835,,-21.392499999999984
0.965,0.3333333333333333,306,82.04999999999961,0,0,265,0,3,1,3,0.369281045751634,,-21.612499999999983
0.965,0.3333333333333333,307,82.4499999999996,0,0,267,0,3,1,3,0.3713355048859935,,-21.832499999999985
0.965,0.3333333333333333,308,82.8499999999996,0,0,269,0,3,1,3,0.37337662337662336,,-22.052499999999984
0.965,0.3333333333333333,309,83.24999999999959,0,0,271,0,3,1,3,0.37540453074433655,,-22.272499999999983
0.965,0.3333333333333333,310,83.64999999999958,0,0,273,0,3,1,3,0.3774193548387097,,-22.492499999999982
0.965,0.3333333333333333,311,84.04999999999957,0,0,275,0,3,1,3,0.37942122186495175,,-22.71249999999998
0.965,0.3333333333333333,312,84.34999999999957,0,0,277,0,3,1,3,0.3814102564102564,,-22.927499999999984
0.965,0.3333333333333333,313,84.64999999999957,0,0,279,0,3,1,3,0.38338658146964855,,-23.14249999999998
0.965,0.3333333333333333,314,85.04999999999956,0,0,281,0,3,1,3,0.3853503184713376,,-23.36249999999998
0.965,0.3333333333333333,315,85.44999999999955,0,0,283,0,3,1,3,0.3873015873015873,,-23.58249999999998
0.965,0.3333333333333333,316,85.84999999999954,0,0,285,0,3,1,3,0.38924050632911394,,-23.802499999999977
0.965,0.3333333333333333,317,86.14999999999954,0,0,287,0,3,1,3,0.3911671924290221,,-24.01749999999998
0.965,0.3333333333333333,318,86.54999999999953,0,0,289,0,3,1,3,0.39308176100628933,,-24.23749999999998
0.965,0.3333333333333333,319,86.84999999999953,0,0,291,0,3,1,3,0.3949843260188088,,-24.45249999999998
0.965,0.3333333333333333,320,87.24999999999952,0,0,293,0,3,1,3,0.396875,,-24.672499999999978
0.965,0.3333333333333333,321,87.64999999999951,0,0,295,0,3,1,3,0.3987538940809969,,-24.892499999999977
0.965,0.3333333333333333,322,88.0499999999995,0,0,297,0,3,1,3,0.40062111801242234,,-25.11249999999998
0.965,0.3333333333333333,323,88.44999999999949,0,0,299,0,3,1,3,0.4024767801857585,,-25.33249999999998
0.965,0.3333333333333333,324,88.84999999999948,0,0,301,0,3,1,3,0.404320987654321,,-25.552499999999977
0.965,0.3333333333333333,325,89.24999999999947,0,0,303,0,3,1,3,0.40615384615384614,,-25.772499999999976
0.965,0.3333333333333333,326,89.64999999999947,0,0,305,0,3,1,3,0.40797546012269936,,-25.992499999999975
0.965,0.3333333333333333,327,90.04999999999946,0,0,307,0,3,1,3,0.40978593272171254,,-26.212499999999977
0.965,0.3333333333333333,328,90.44999999999945,0,0,309,0,3,1,3,0.4115853658536585,,-26.432499999999976
0.965,0.3333333333333333,329,90.84999999999944,0,0,311,0,3,1,3,0.4133738601823708,,-26.652499999999975
0.965,0.3333333333333333,330,91.24999999999943,0,0,313,0,3,1,3,0.41515151515151516,,-26.872499999999974
0.965,0.3333333333333333,331,91.54999999999943,0,0,315,0,3,1,3,0.4169184290030212,,-27.087499999999974
0.965,0.3333333333333333,332,91.94999999999942,0,0,317,0,3,1,3,0.4186746987951807,,-27.307499999999976
0.965,0.3333333333333333,333,92.34999999999941,0,0,319,0,3,1,3,0.42042042042042044,,-27.527499999999975
0.965,0.3333333333333333,334,92.7499999999994,0,0,321,0,3,1,3,0.4221556886227545,,-27.747499999999974
0.965,0.3333333333333333,335,93.0499999999994,0,0,323,0,3,1,3,0.42388059701492536,,-27.962499999999977
0.965,0.3333333333333333,336,93.3499999999994,0,0,325,0,3,1,3,0.4255952380952381,,-28.17749999999997
0.965,0.3333333333333333,337,93.6499999999994,0,0,327,0,3,1,3,0.42729970326409494,,-28.392499999999973
0.965,0.3333333333333333,338,94.04999999999939,0,0,329,0,3,1,3,0.4289940828402367,,-28.61249999999997
0.965,0.3333333333333333,339,94.44999999999938,0,0,331,0,3,1,3,0.4306784660766962,,-28.83249999999997
0.965,0.3333333333333333,340,94.84999999999937,0,0,333,0,3,1,3,0.4323529411764706,,-29.052499999999974
0.965,0.3333333333333333,341,95.24999999999936,0,0,335,0,3,1,3,0.4340175953079179,,-29.27249999999997
0.965,0.3333333333333333,342,95.64999999999935,0,0,337,0,3,1,3,0.43567251461988304,,-29.49249999999997
0.965,0.3333333333333333,343,96.04999999999934,0,0,339,0,3,1,3,0.43731778425655976,,-29.712499999999967
0.965,0.3333333333333333,344,96.44999999999933,0,0,341,0,3,1,3,0.438953488372093,,-29.93249999999997
0.9675,0.3333333333333333,345,96.84999999999933,0,0,343,0,3,1,3,0.4391304347826087,,-30.052499999999974
0.9675,0.3333333333333333,346,97.24999999999932,0,0,345,0,3,1,3,0.4407514450867052,,-30.372499999999967
0.9675,0.3333333333333333,347,97.64999999999931,0,0,347,0,3,1,3,0.4423631123919308,,-30.59249999999997
0.9675,0.3333333333333333,348,98.0499999999993,0,0,349,0,3,1,3,0.44396551724137934,,-30.812499999999964
0.9675,0.3333333333333333,349,98.44999999999929,0,0,351,0,3,1,3,0.4455587392550143,,-31.032499999999967
0.9675,0.3333333333333333,350,98.84999999999928,0,0,353,0,3,1,3,0.4471428571428571,,-31.25249999999997
0.9675,0.3333333333333333,351,99.24999999999928,0,0,355,0,3,1,3,0.44871794871794873,,-31.472499999999965
0.9675,0.3333333333333333,352,99.64999999999927,0,0,357,0,3,1,3,0.4502840909090909,,-31.692499999999967
0.9675,0.3333333333333333,353,100.04999999999926,0,0,359,0,3,1,3,0.4518413597733711,,-31.912499999999962
0.9675,0.3333333333333333,354,100.44999999999925,0,0,361,0,3,1,3,0.4533898305084746,,-32.132499999999965
0.9675,0.3333333333333333,355,100.84999999999924,0,0,363,0,3,1,3,0.45492957746478874,,-32.352499999999964
0.9675,0.3333333333333333,356,101.24999999999923,0,0,365,0,3,1,3,0.45646067415730335,,-32.57249999999996
0.9675,0.3333333333333333,357,101.54999999999923,0,0,367,0,3,1,3,0.4579831932773109,,-32.78749999999996
0.9675,0.3333333333333333,358,101.84999999999923,0,0,369,0,3,1,3,0.4594972067039106,,-33.00249999999996
0.9675,0.3333333333333333,359,102.24999999999922,0,0,371,0,3,1,3,0.4610027855153203,,-33.22249999999996
0.9675,0.3333333333333333,360,102.64999999999921,0,0,373,0,3,1,3,0.4625,,-33.44249999999996
0.9675,0.3333333333333333,361,103.0499999999992,0,0,375,0,3,1,3,0.46398891966759004,,-33.66249999999996
0.9675,0.3333333333333333,362,103.3499999999992,0,0,377,0,3,1,3,0.4654696132596685,,-33.87749999999996
0.9675,0.3333333333333333,363,103.6499999999992,0,0,379,0,3,1,3,0.4669421487603306,,-34.09249999999996
0.9675,0.3333333333333333,364,104.04999999999919,0,0,381,0,3,1,3,0.4684065934065934,,-34.31249999999996
0.9675,0.3333333333333333,365,104.44999999999918,0,0,383,0,3,1,3,0.46986301369863015,,-34.53249999999996
0.9675,0.3333333333333333,366,104.74999999999918,0,0,385,0,3,1,3,0.4713114754098361,,-34.74749999999996
0.9675,0.3333333333333333,367,105.14999999999917,0,0,387,0,3,1,4,0.47275204359673023,,-34.96749999999996
0.9675,0.3333333333333333,368,105.54999999999916,0,0,389,0,3,1,4,0.4741847826086957,,-35.187499999999964
0.9675,0.3333333333333333,369,105.94999999999915,0,0,391,0,3,1,4,0.47560975609756095,,-35.407499999999956
0.9675,0.3333333333333333,370,106.34999999999914,0,0,393,0,3,1,4,0.47702702702702704,,-35.62749999999996
0.9675,0.3333333333333333,371,106.74999999999913,0,0,395,0,3,1,4,0.4784366576819407,,-35.847499999999954
0.9675,0.3333333333333333,372,107.14999999999912,0,0,397,0,3,1,4,0.4798387096774194,,-36.06749999999996
0.9675,0.3333333333333333,373,107.54999999999912,0,0,399,0,3,1,4,0.4812332439678284,,-36.28749999999996
0.9675,0.3333333333333333,374,107.84999999999911,0,0,401,0,3,1,4,0.48262032085561496,,-36.502499999999955
0.9675,0.3333333333333333,375,108.2499999999991,0,0,403,0,3,1,4,0.484,,-36.72249999999996
0.9675,0.3333333333333333,376,108.5499999999991,0,0,405,0,3,1,4,0.4853723404255319,,-36.93749999999995
0.9675,0.3333333333333333,377,108.9499999999991,0,0,407,0,3,1,4,0.48673740053050396,,-37.157499999999956
0.9675,0.3333333333333333,378,109.24999999999909,0,0,409,0,3,1,4,0.4880952380952381,,-37.37249999999996
0.9675,0.3333333333333333,379,109.64999999999908,0,0,411,0,3,1,4,0.4894459102902375,,-37.59249999999995
0.9675,0.3333333333333333,380,110.04999999999907,0,0,413,0,3,1,4,0.49078947368421055,,-37.81249999999996
0.9675,0.3333333333333333,381,110.34999999999907,0,0,415,0,3,1,4,0.4921259842519685,,-38.027499999999954
0.9675,0.3333333333333333,382,110.74999999999906,0,0,417,0,3,1,4,0.49345549738219896,,-38.24749999999995
0.9675,0.3333333333333333,383,111.14999999999905,0,0,419,0,3,1,4,0.49477806788511747,,-38.46749999999996
0.9675,0.3333333333333333,384,111.54999999999905,0,0,421,0,3,1,4,0.49609375,,-38.68749999999995
0.9675,0.3333333333333333,385,111.94999999999904,0,0,423,0,3,1,4,0.4974025974025974,,-38.907499999999956
0.9675,0.3333333333333333,386,112.34999999999903,0,0,425,0,3,1,4,0.49870466321243523,,-39.12749999999995
0.9675,0.3333333333333333,387,112.74999999999902,0,0,427,0,3,1,4,0.5,,-39.347499999999954
0.9675,0.3333333333333333,388,113.14999999999901,0,0,429,0,3,1,4,0.5012886597938144,,-39.56749999999995
0.9675,0.3333333333333333,389,113.549999999999,0,0,431,0,3,1,4,0.5025706940874036,,-39.78749999999995
0.9675,0.3333333333333333,390,113.949999999999,0,0,433,0,3,1,4,0.5038461538461538,,-40.00749999999995
0.9675,0.3333333333333333,391,114.24999999999899,0,0,435,0,3,1,4,0.5051150895140665,,-40.22249999999995
0.9675,0.3333333333333333,392,114.54999999999899,0,0,437,0,3,1,4,0.5063775510204082,,-40.43749999999995
0.9675,0.3333333333333333,393,114.94999999999898,0,0,439,0,3,1,4,0.5076335877862596,,-40.65749999999995
0.9675,0.3333333333333333,394,115.34999999999897,0,0,441,0,3,1,4,0.5088832487309645,,-40.87749999999995
0.9675,0.3333333333333333,395,115.74999999999896,0,0,443,0,3,1,4,0.5101265822784811,,-41.09749999999995
0.9675,0.3333333333333333,396,116.04999999999896,0,0,445,0,3,1,4,0.5113636363636364,,-41.31249999999995
0.9675,0.3333333333333333,397,116.44999999999895,0,0,447,0,3,1,4,0.5125944584382871,,-41.53249999999995
0.9675,0.3333333333333333,398,116.84999999999894,0,0,449,0,3,1,4,0.5138190954773869,,-41.75249999999995
0.9675,0.3333333333333333,399,116.99999999999893,0,0,451,0,3,1,4,0.5150375939849624,,-41.959999999999944
0.9675,0.3333333333333333,400,117.24999999999892,0,0,453,0,3,1,4,0.51625,,-42.17249999999995
0.9675,0.3333333333333333,401,117.39999999999891,0,0,455,0,3,1,4,0.5174563591022444,,-42.379999999999946
0.9675,0.3333333333333333,402,117.6499999999989,0,0,457,0,3,1,4,0.5186567164179104,,-42.592499999999944
0.9675,0.3333333333333333,403,117.89999999999888,0,0,459,0,3,1,4,0.5198511166253101,,-42.80499999999995
0.9675,0.3333333333333333,404,118.04999999999887,0,0,461,0,3,1,4,0.5210396039603961,,-43.012499999999946
0.9675,0.3333333333333333,405,118.29999999999886,0,0,463,0,3,1,4,0.5222222222222223,,-43.224999999999945
0.9675,0.3333333333333333,406,118.54999999999885,0,0,465,0,3,1,4,0.5233990147783252,,-43.43749999999994
0.9675,0.3333333333333333,407,118.79999999999883,0,0,467,0,3,1,4,0.5245700245700246,,-43.64999999999994
0.9675,0.3333333333333333,408,119.04999999999882,0,0,469,0,3,1,4,0.5257352941176471,,-43.86249999999995
0.9675,0.3333333333333333,409,119.2999999999988,0,0,471,0,3,1,4,0.5268948655256723,,-44.07499999999994
0.9675,0.3333333333333333,410,119.54999999999879,0,0,473,0,3,1,4,0.5280487804878049,,-44.287499999999945
0.9675,0.3333333333333333,411,119.79999999999878,0,0,475,0,3,1,4,0.5291970802919708,,-44.499999999999936
0.9675,0.3333333333333333,412,120.04999999999876,0,0,477,0,3,1,4,0.5303398058252428,,-44.71249999999994
0.9675,0.3333333333333333,413,120.29999999999875,0,0,479,0,3,1,4,0.5314769975786925,,-44.92499999999994
0.9675,0.3333333333333333,414,120.44999999999874,0,0,481,0,3,1,4,0.532608695652174,,-45.132499999999936
0.9675,0.3333333333333333,415,120.69999999999872,0,0,483,0,3,1,4,0.5337349397590362,,-45.344999999999935
0.9675,0.3333333333333333,416,120.84999999999872,0,0,485,0,3,1,4,0.5348557692307693,,-45.55249999999993
0.9675,0.3333333333333333,417,121.0999999999987,0,0,487,0,3,1,4,0.5359712230215827,,-45.76499999999994
0.9675,0.3333333333333333,418,121.24999999999869,0,0,489,0,3,1,4,0.5370813397129187,,-45.97249999999994
0.9675,0.3333333333333333,419,121.49999999999868,0,0,491,0,3,1,4,0.5381861575178998,,-46.18499999999993
0.9675,0.3333333333333333,420,121.74999999999866,0,0,493,0,3,1,4,0.5392857142857143,,-46.39749999999994
0.9675,0.3333333333333333,421,121.99999999999865,0,0,495,0,3,1,4,0.5403800475059383,,-46.60999999999993
0.9675,0.3333333333333333,422,122.24999999999864,0,0,497,0,3,1,4,0.5414691943127962,,-46.822499999999934
0.9675,0.3333333333333333,423,122.49999999999862,0,0,499,0,3,1,4,0.5425531914893617,,-47.03499999999993
0.9675,0.3333333333333333,424,122.74999999999861,0,0,501,0,3,1,4,0.5436320754716981,,-47.24749999999993
0.9675,0.3333333333333333,425,122.9999999999986,0,0,503,0,3,1,4,0.5447058823529412,,-47.45999999999993
0.9675,0.3333333333333333,426,123.14999999999858,0,0,505,0,3,1,4,0.545774647887324,,-47.667499999999926
0.9675,0.3333333333333333,427,123.39999999999857,0,0,507,0,3,1,4,0.5468384074941453,,-47.87999999999993
0.9675,0.3333333333333333,428,123.54999999999856,0,0,509,0,3,1,4,0.5478971962616822,,-48.087499999999935
0.9675,0.3333333333333333,429,123.79999999999855,0,0,511,0,3,1,4,0.548951048951049,,-48.299999999999926
0.9675,0.3333333333333333,430,124.04999999999853,0,0,513,0,3,1,4,0.55,,-48.51249999999993
0.9675,0.3333333333333333,431,124.29999999999852,0,0,515,0,3,1,4,0.5510440835266821,,-48.72499999999992
0.9675,0.3333333333333333,432,124.5499999999985,0,0,517,0,3,1,4,0.5520833333333334,,-48.93749999999993
0.9675,0.3333333333333333,433,124.79999999999849,0,0,519,0,3,1,4,0.5531177829099307,,-49.14999999999993
0.9675,0.3333333333333333,434,125.04999999999848,0,0,521,0,3,1,4,0.554147465437788,,-49.362499999999926
0.9675,0.3333333333333333,435,125.29999999999846,0,0,523,0,3,1,4,0.5551724137931034,,-49.574999999999925
0.9675,0.3333333333333333,436,125.54999999999845,0,0,525,0,3,1,4,0.5561926605504587,,-49.78749999999992
0.9675,0.3333333333333333,437,125.79999999999843,0,0,526,0,3,1,4,0.5572082379862701,,-49.89999999999992
0.9675,0.3333333333333333,438,126.04999999999842,0,0,527,0,3,1,4,0.5582191780821918,,-50.012499999999925
0.9675,0.3333333333333333,439,126.2999999999984,0,0,528,0,3,1,4,0.5592255125284739,,-50.12499999999992
0.9675,0.3333333333333333,440,126.54999999999839,0,0,529,0,3,1,4,0.5602272727272727,,-50.237499999999926
0.9675,0.3333333333333333,441,126.79999999999838,0,0,530,0,3,1,4,0.5612244897959183,,-50.349999999999916
0.9675,0.3333333333333333,442,127.04999999999836,0,0,531,0,3,1,4,0.5622171945701357,,-50.46249999999992
0.9675,0.3333333333333333,443,127.29999999999835,0,0,532,0,3,1,4,0.5632054176072234,,-50.57499999999992
0.9675,0.3333333333333333,444,127.54999999999833,0,0,533,0,3,1,4,0.5641891891891891,,-50.68749999999992
0.9675,0.3333333333333333,445,127.69999999999833,0,0,534,0,3,1,4,0.5651685393258427,,-50.79499999999992
0.9675,0.3333333333333333,446,127.94999999999831,0,0,535,0,3,1,4,0.5661434977578476,,-50.907499999999914
0.9675,0.3333333333333333,447,128.1999999999983,0,0,536,0,3,1,4,0.5671140939597316,,-51.01999999999992
0.9675,0.3333333333333333,448,128.4499999999983,0,0,537,0,3,1,4,0.5680803571428571,,-51.132499999999915
0.9675,0.3333333333333333,449,128.6999999999983,0,0,538,0,3,1,4,0.5690423162583519,,-51.24499999999992
0.9675,0.3333333333333333,450,128.9499999999983,0,0,539,0,3,1,4,0.57,,-51.35749999999992
0.9675,0.3333333333333333,451,129.1999999999983,0,0,540,0,3,1,4,0.5709534368070953,,-51.469999999999914
0.9675,0.3333333333333333,452,129.34999999999832,0,0,541,0,3,1,4,0.5719026548672567,,-51.577499999999915
0.9675,0.3333333333333333,453,129.59999999999832,0,0,542,0,3,1,4,0.5728476821192053,,-51.68999999999992
0.9675,0.3333333333333333,454,129.74999999999832,0,0,543,0,3,1,4,0.5737885462555066,,-51.79749999999992
0.9675,0.3333333333333333,455,129.99999999999832,0,0,544,0,3,1,4,0.5747252747252747,,-51.90999999999992
0.9675,0.3333333333333333,456,130.24999999999832,0,0,545,0,3,1,4,0.5756578947368421,,-52.022499999999916
0.9675,0.3333333333333333,457,130.49999999999832,0,0,546,0,3,1,4,0.5765864332603938,,-52.13499999999991
0.9675,0.3333333333333333,458,130.74999999999832,0,0,547,0,3,1,4,0.5775109170305677,,-52.24749999999992
0.9675,0.3333333333333333,459,130.99999999999832,0,0,548,0,3,1,4,0.5784313725490197,,-52.35999999999992
0.9675,0.3333333333333333,460,131.24999999999832,0,0,549,0,3,1,4,0.5793478260869566,,-52.47249999999992
0.9675,0.3333333333333333,461,131.49999999999832,0,0,550,0,3,1,4,0.5802603036876356,,-52.584999999999916
0.9675,0.3333333333333333,462,131.74999999999832,0,0,551,0,3,1,4,0.5811688311688312,,-52.69749999999991
0.9675,0.3333333333333333,463,131.99999999999832,0,0,552,0,3,1,4,0.58207343412527,,-52.80999999999992
0.9675,0.3333333333333333,464,132.24999999999832,0,0,553,0,3,1,4,0.5829741379310345,,-52.92249999999992
0.9675,0.3333333333333333,465,132.49999999999832,0,0,554,0,3,1,4,0.5838709677419355,,-53.03499999999992
0.9675,0.3333333333333333,466,132.74999999999832,0,0,555,0,3,1,4,0.5847639484978541,,-53.147499999999916
0.9675,0.3333333333333333,467,132.99999999999832,0,0,556,0,3,1,4,0.5856531049250535,,-53.25999999999991
0.9675,0.3333333333333333,468,133.24999999999832,0,0,557,0,3,1,4,0.5865384615384616,,-53.37249999999992
0.9675,0.3333333333333333,469,133.49999999999832,0,0,558,0,3,1,4,0.5874200426439232,,-53.48499999999992
0.9675,0.3333333333333333,470,133.74999999999832,0,0,559,0,3,1,4,0.5882978723404255,,-53.59749999999992
0.9675,0.3333333333333333,471,133.99999999999832,0,0,560,0,3,1,4,0.589171974522293,,-53.709999999999916
0.9675,0.3333333333333333,472,134.24999999999832,0,0,561,0,3,1,4,0.590042372881356,,-53.82249999999991
0.9675,0.3333333333333333,473,134.49999999999832,0,0,562,0,3,1,4,0.5909090909090909,,-53.93499999999992
0.9675,0.3333333333333333,474,134.74999999999832,0,0,563,0,3,1,4,0.5917721518987342,,-54.04749999999992
0.9675,0.3333333333333333,475,134.89999999999833,0,0,564,0,3,1,4,0.5926315789473684,,-54.15499999999992
0.9675,0.3333333333333333,476,135.14999999999833,0,0,565,0,3,1,4,0.5934873949579832,,-54.26749999999991
0.9675,0.3333333333333333,477,135.39999999999833,0,0,566,0,3,1,4,0.5943396226415094,,-54.37999999999992
0.9675,0.3333333333333333,478,135.64999999999833,0,0,567,0,3,1,4,0.5951882845188284,,-54.492499999999914
0.9675,0.3333333333333333,479,135.89999999999833,0,0,568,0,3,1,4,0.5960334029227558,,-54.60499999999992
0.9675,0.3333333333333333,480,136.04999999999833,0,0,569,0,3,1,4,0.596875,,-54.71249999999992
0.9675,0.3333333333333333,481,136.29999999999833,0,0,570,0,3,1,4,0.5977130977130977,,-54.82499999999992
0.9675,0.3333333333333333,482,136.54999999999833,0,0,571,0,3,1,4,0.5985477178423236,,-54.937499999999915
0.9675,0.3333333333333333,483,136.79999999999833,0,0,572,0,3,1,4,0.5993788819875776,,-55.04999999999992
0.9675,0.3333333333333333,484,137.04999999999833,0,0,573,0,3,1,4,0.6002066115702479,,-55.162499999999916
0.9675,0.3333333333333333,485,137.29999999999833,0,0,574,0,3,1,4,0.6010309278350515,,-55.27499999999992
0.9675,0.3333333333333333,486,137.54999999999833,0,0,575,0,3,1,4,0.6018518518518519,,-55.38749999999992
0.9675,0.3333333333333333,487,137.79999999999833,0,0,576,0,3,1,4,0.6026694045174538,,-55.499999999999915
0.9675,0.3333333333333333,488,138.04999999999833,0,0,577,0,3,1,4,0.6034836065573771,,-55.61249999999992
0.9675,0.3333333333333333,489,138.29999999999833,0,0,578,0,3,1,4,0.6042944785276073,,-55.724999999999916
0.9675,0.3333333333333333,490,138.54999999999833,0,0,579,0,3,1,4,0.6051020408163266,,-55.83749999999992
0.9675,0.3333333333333333,491,138.79999999999833,0,0,580,0,3,1,4,0.6059063136456212,,-55.94999999999992
0.9675,0.3333333333333333,492,139.04999999999833,0,0,581,0,3,1,5,0.6067073170731707,,-56.062499999999915
0.9675,0.3333333333333333,493,139.19999999999834,0,0,582,0,3,1,5,0.6075050709939148,,-56.169999999999916
0.9675,0.3333333333333333,494,139.34999999999835,0,0,583,0,3,1,5,0.6082995951417004,,-56.27749999999992
0.9675,0.3333333333333333,495,139.59999999999835,0,0,584,0,3,1,5,0.6090909090909091,,-56.38999999999992
0.9675,0.3333333333333333,496,139.84999999999835,0,0,585,0,3,1,5,0.6098790322580645,,-56.50249999999992
0.9675,0.3333333333333333,497,140.09999999999835,0,0,586,0,3,1,5,0.6106639839034205,,-56.61499999999992
0.9675,0.3333333333333333,498,140.34999999999835,0,0,587,0,3,1,5,0.6114457831325302,,-56.72749999999992
0.9675,0.3333333333333333,499,140.59999999999835,0,0,588,0,3,1,5,0.6122244488977956,,-56.83999999999992
0.9675,0.3333333333333333,500,140.84999999999835,0,0,589,0,3,1,5,0.613,max_steps_reached,-56.95249999999992
