coverage_ratio,inspection_success_rate,target_detection_rate,mission_success,mission_time,total_energy_consumption,fixedwing_final_battery,quadrotor_mean_final_battery,quadrotor_min_final_battery,collision_count,near_miss_count,communication_loss_count,invalid_action_count,detected_targets,inspected_targets,candidate_targets,redundant_coverage_proxy,termination_reason,reward
0.0225,0.0,0.0,0,1,0.15000000000000002,99.85000000000001,100.0,100.0,0,0,0,0,0,0,0,0.0,,0.0825
0.0275,0.0,0.0,0,2,0.3,99.70000000000002,100.0,100.0,0,0,0,0,0,0,0,0.0,,0.1825
0.0275,0.0,0.0,0,3,0.45,99.55000000000003,100.0,100.0,0,0,0,0,0,0,0,0.0,,-0.0175
0.0275,0.0,0.0,0,4,0.6000000000000001,99.40000000000003,100.0,100.0,0,0,0,0,0,0,0,0.0,,-0.017500000000000005
0.0275,0.0,0.0,0,5,0.7500000000000001,99.25000000000004,100.0,100.0,0,0,0,0,0,0,0,0.0,,-0.0175
0.0275,0.0,0.0,0,6,0.9000000000000001,99.10000000000005,100.0,100.0,0,0,0,0,0,0,0,0.08333333333333333,,-0.0175
0.0275,0.0,0.0,0,7,1.0500000000000003,98.95000000000006,100.0,100.0,0,0,0,0,0,0,0,0.21428571428571427,,-0.01750000000000001
0.0275,0.0,0.0,0,8,1.2000000000000004,98.80000000000007,100.0,100.0,0,0,0,0,0,0,0,0.3125,,-0.01750000000000001
0.03,0.0,0.0,0,9,1.3500000000000005,98.65000000000008,100.0,100.0,0,0,0,0,0,0,0,0.3333333333333333,,0.0825
0.0325,0.0,0.0,0,10,1.5000000000000007,98.50000000000009,100.0,100.0,0,0,0,0,0,0,0,0.35,,0.0825
0.0375,0.0,0.0,0,11,1.6500000000000008,98.3500000000001,100.0,100.0,0,0,0,0,0,0,0,0.3181818181818182,,0.1825
0.04,0.0,0.0,0,12,2.0500000000000007,98.2000000000001,99.75,99.75,0,0,0,0,0,0,0,0.3333333333333333,,0.07000000000000002
0.0525,0.0,0.0,0,13,2.2000000000000006,98.05000000000011,99.75,99.75,0,0,0,0,0,0,0,0.19230769230769232,,0.4825
0.0575,0.0,0.0,0,14,2.2500000000000004,98.00000000000011,99.75,99.75,0,0,0,0,0,0,0,0.17857142857142858,,0.1875
0.0675,0.0,0.0,0,15,2.3000000000000003,97.95000000000012,99.75,99.75,0,0,0,0,0,0,0,0.1,,0.3875
0.075,0.0,0.0,0,16,2.35,97.90000000000012,99.75,99.75,0,0,0,0,0,0,0,0.0625,,0.28750000000000003
0.085,0.0,0.0,0,17,2.4,97.85000000000012,99.75,99.75,0,0,0,0,0,0,0,0.0,,0.3875
0.09,0.0,0.0,0,18,2.4499999999999997,97.80000000000013,99.75,99.75,0,0,0,0,0,0,0,0.0,,0.1875
0.105,0.0,0.0,0,19,2.4999999999999996,97.75000000000013,99.75,99.75,0,0,0,0,0,0,0,0.0,,0.5875000000000001
0.11,0.0,0.0,0,20,2.5499999999999994,97.70000000000013,99.75,99.75,0,0,0,0,0,0,0,0.0,,0.1875
0.12,0.0,0.0,0,21,2.599999999999999,97.65000000000013,99.75,99.75,0,0,0,0,0,0,0,0.0,,0.3875
0.1275,0.0,0.0,0,22,2.649999999999999,97.60000000000014,99.75,99.75,0,0,0,0,0,0,0,0.0,,0.28750000000000003
0.1375,0.0,0.0,0,23,2.699999999999999,97.55000000000014,99.75,99.75,0,0,0,0,0,0,0,0.0,,0.3875
0.1425,0.0,0.0,0,24,2.9999999999999987,97.50000000000014,99.5,99.5,0,0,0,0,0,0,0,0.0,,0.17500000000000002
0.1575,0.0,0.0,0,25,3.0499999999999985,97.45000000000014,99.5,99.5,0,0,0,0,0,0,0,0.0,,0.5875000000000001
0.165,0.0,0.0,0,26,3.0999999999999983,97.40000000000015,99.5,99.5,0,0,0,0,0,0,0,0.0,,0.28750000000000003
0.175,0.0,0.0,0,27,3.149999999999998,97.35000000000015,99.5,99.5,0,0,0,0,0,0,0,0.0,,0.3875
0.185,0.0,0.0,0,28,3.199999999999998,97.30000000000015,99.5,99.5,0,0,0,0,0,0,0,0.0,,0.3875
0.1925,0.0,0.0,0,29,3.249999999999998,97.25000000000016,99.5,99.5,0,0,0,0,0,0,0,0.0,,0.28750000000000003
0.195,0.0,0.0,0,30,3.2999999999999976,97.20000000000016,99.5,99.5,0,0,0,0,0,0,0,0.0,,0.08750000000000002
0.2125,0.0,0.0,0,31,3.3499999999999974,97.15000000000016,99.5,99.5,0,0,0,0,0,0,0,0.0,,0.6875000000000001
0.22,0.0,0.0,0,32,3.3999999999999972,97.10000000000016,99.5,99.5,0,0,0,0,0,0,0,0.0,,0.28750000000000003
0.23,0.0,0.0,0,33,3.449999999999997,97.05000000000017,99.5,99.5,0,0,0,0,0,0,0,0.0,,0.3875
0.24,0.0,0.0,0,34,3.499999999999997,97.00000000000017,99.5,99.5,0,0,0,0,0,0,0,0.0,,0.3875
0.2475,0.0,0.5,0,35,3.5499999999999967,96.95000000000017,99.5,99.5,0,0,0,0,1,0,1,0.0,,3.2875
0.2525,0.0,0.5,0,36,3.6999999999999966,96.90000000000018,99.4,99.4,0,0,0,0,1,0,1,0.0,,0.1875
0.265,0.0,0.5,0,37,3.8499999999999965,96.85000000000018,99.30000000000001,99.30000000000001,0,0,0,0,1,0,1,0.0,,0.4875
0.2725,0.0,0.5,0,38,3.9999999999999964,96.80000000000018,99.20000000000002,99.20000000000002,0,0,0,0,1,0,1,0.0,,0.28750000000000003
0.2825,0.0,1.0,0,39,4.149999999999996,96.75000000000018,99.10000000000002,99.10000000000002,0,0,0,0,2,0,2,0.0,,3.3875
0.2875,0.0,1.0,0,40,4.299999999999995,96.70000000000019,99.00000000000003,99.00000000000003,0,0,0,0,2,0,2,0.0,,0.1875
0.3,0.0,1.0,0,41,4.449999999999995,96.65000000000019,98.90000000000003,98.90000000000003,0,0,1,0,2,0,2,0.0,,0.46749999999999997
0.31,0.0,1.0,0,42,4.599999999999994,96.6000000000002,98.80000000000004,98.80000000000004,0,0,2,0,2,0,2,0.0,,0.3675
0.32,0.0,1.0,0,43,4.749999999999994,96.5500000000002,98.70000000000005,98.70000000000005,0,0,3,0,2,0,2,0.0,,0.3675
0.3275,0.0,1.0,0,44,4.899999999999993,96.5000000000002,98.60000000000005,98.60000000000005,0,0,4,0,2,0,2,0.0,,0.2675
0.335,0.0,1.0,0,45,5.049999999999993,96.4500000000002,98.50000000000006,98.50000000000006,0,0,5,0,2,0,2,0.0,,0.2675
0.345,0.0,1.0,0,46,5.199999999999992,96.4000000000002,98.40000000000006,98.40000000000006,0,0,6,0,2,0,2,0.0,,0.3675
0.3525,0.0,1.0,0,47,5.349999999999992,96.35000000000021,98.30000000000007,98.30000000000007,0,0,7,0,2,0,2,0.0,,0.2675
0.3625,0.0,1.0,0,48,5.499999999999991,96.30000000000021,98.20000000000007,98.20000000000007,0,0,8,0,2,0,2,0.0,,0.3675
0.3675,0.0,1.0,0,49,5.649999999999991,96.25000000000021,98.10000000000008,98.10000000000008,0,0,9,0,2,0,2,0.0,,0.1675
0.3725,0.0,1.0,0,50,5.79999999999999,96.20000000000022,98.00000000000009,98.00000000000009,0,0,10,0,2,0,2,0.0,,0.1675
0.3725,0.0,1.0,0,51,5.9499999999999895,96.15000000000022,97.90000000000009,97.90000000000009,0,0,11,0,2,0,2,0.0,,-0.032499999999999994
0.3725,0.0,1.0,0,52,6.199999999999989,96.00000000000023,97.8000000000001,97.8000000000001,0,0,12,0,2,0,2,0.0,,-0.03749999999999998
0.3725,0.0,1.0,0,53,6.449999999999988,95.85000000000024,97.7000000000001,97.7000000000001,0,0,13,0,2,0,2,0.0,,-0.03749999999999998
0.375,0.0,1.0,0,54,6.699999999999987,95.70000000000024,97.60000000000011,97.60000000000011,0,0,14,0,2,0,2,0.0,,0.06250000000000003
0.3775,0.0,1.0,0,55,7.199999999999986,95.55000000000025,97.25000000000011,97.25000000000011,0,0,15,0,2,0,2,0.0,,0.050000000000000024
0.385,0.0,1.0,0,56,7.449999999999985,95.40000000000026,97.15000000000012,97.15000000000012,0,0,16,0,2,0,2,0.0,,0.26250000000000007
0.39,0.0,1.0,0,57,7.699999999999984,95.25000000000027,97.05000000000013,97.05000000000013,0,0,17,0,2,0,2,0.0,,0.16250000000000003
0.3975,0.0,1.0,0,58,7.849999999999984,95.20000000000027,96.95000000000013,96.95000000000013,0,0,17,0,2,0,2,0.0,,0.28750000000000003
0.4,0.0,1.0,0,59,7.999999999999983,95.15000000000028,96.85000000000014,96.85000000000014,0,0,17,0,2,0,2,0.0,,0.08750000000000002
0.41,0.0,1.0,0,60,8.149999999999984,95.10000000000028,96.75000000000014,96.75000000000014,0,0,17,0,2,0,2,0.0,,0.38749999999999996
0.415,0.0,1.0,0,61,8.299999999999985,95.05000000000028,96.65000000000015,96.65000000000015,0,0,17,0,2,0,2,0.0,,0.18749999999999997
0.4225,0.0,1.0,0,62,8.449999999999985,95.00000000000028,96.55000000000015,96.55000000000015,0,0,17,0,2,0,2,0.0,,0.2875
0.4325,0.0,1.0,0,63,8.599999999999985,94.95000000000029,96.45000000000016,96.45000000000016,0,0,17,0,2,0,2,0.0,,0.38749999999999996
0.44,0.0,1.0,0,64,8.749999999999986,94.90000000000029,96.35000000000016,96.35000000000016,0,0,17,0,2,0,2,0.0,,0.2875
0.4525,0.0,1.0,0,65,8.899999999999986,94.85000000000029,96.25000000000017,96.25000000000017,0,0,17,0,2,0,2,0.0,,0.48749999999999993
0.46,0.0,1.0,0,66,9.049999999999986,94.8000000000003,96.15000000000018,96.15000000000018,0,0,17,0,2,0,2,0.0,,0.2875
0.475,0.0,1.0,0,67,9.199999999999987,94.7500000000003,96.05000000000018,96.05000000000018,0,0,17,0,2,0,2,0.0,,0.5875
0.4825,0.0,1.0,0,68,9.349999999999987,94.7000000000003,95.95000000000019,95.95000000000019,0,0,17,0,2,0,2,0.0,,0.2875
0.4925,0.0,1.0,0,69,9.499999999999988,94.6500000000003,95.8500000000002,95.8500000000002,0,0,17,0,2,0,2,0.0,,0.38749999999999996
0.5025,0.0,1.0,0,70,9.649999999999988,94.6000000000003,95.7500000000002,95.7500000000002,0,0,17,0,2,0,2,0.0,,0.38749999999999996
0.51,0.0,1.0,0,71,9.799999999999988,94.55000000000031,95.6500000000002,95.6500000000002,0,0,17,0,2,0,2,0.0,,0.2875
0.5175,0.0,1.0,0,72,9.949999999999989,94.50000000000031,95.55000000000021,95.55000000000021,0,0,17,0,2,0,2,0.0,,0.2875
0.5275,0.0,1.0,0,73,10.099999999999989,94.45000000000032,95.45000000000022,95.45000000000022,0,0,17,0,2,0,2,0.0,,0.38749999999999996
0.5375,0.0,1.0,0,74,10.24999999999999,94.40000000000032,95.35000000000022,95.35000000000022,0,0,17,0,2,0,2,0.0,,0.38749999999999996
0.545,0.0,1.0,0,75,10.39999999999999,94.35000000000032,95.25000000000023,95.25000000000023,0,0,17,0,2,0,2,0.0,,0.2875
0.55,0.0,1.0,0,76,10.54999999999999,94.30000000000032,95.15000000000023,95.15000000000023,0,0,17,0,2,0,2,0.0,,0.18749999999999997
0.5625,0.0,1.0,0,77,10.69999999999999,94.25000000000033,95.05000000000024,95.05000000000024,0,0,17,0,2,0,2,0.0,,0.48749999999999993
0.5675,0.0,1.0,0,78,11.09999999999999,94.20000000000033,94.70000000000024,94.70000000000024,0,0,17,0,2,0,2,0.0,,0.17499999999999996
0.5775,0.0,1.0,0,79,11.249999999999991,94.15000000000033,94.60000000000025,94.60000000000025,0,0,17,0,2,0,2,0.0,,0.38749999999999996
0.5875,0.0,1.0,0,80,11.399999999999991,94.10000000000034,94.50000000000026,94.50000000000026,0,0,17,0,2,0,2,0.0,,0.38749999999999996
0.59,0.0,1.0,0,81,11.549999999999992,94.05000000000034,94.40000000000026,94.40000000000026,0,0,17,0,2,0,2,0.0,,0.08749999999999998
0.5925,0.0,1.0,0,82,11.699999999999992,94.00000000000034,94.30000000000027,94.30000000000027,0,0,17,0,2,0,2,0.0,,0.08749999999999998
0.5975,0.5,1.0,0,83,12.099999999999993,93.95000000000034,93.95000000000027,93.95000000000027,0,0,17,0,2,1,2,0.0,,25.174999999999997
0.5975,0.5,1.0,0,84,12.399999999999993,93.90000000000035,93.70000000000027,93.70000000000027,0,0,17,0,2,1,2,0.0,,-0.025000000000000036
0.5975,0.5,1.0,0,85,12.799999999999994,93.75000000000036,93.45000000000027,93.45000000000027,0,0,17,0,2,1,2,0.0,,-0.03000000000000002
0.5975,0.5,1.0,0,86,13.199999999999994,93.60000000000036,93.20000000000027,93.20000000000027,0,0,17,0,2,1,2,0.0,,-0.03000000000000002
0.5975,0.5,1.0,0,87,13.499999999999995,93.55000000000037,92.95000000000027,92.95000000000027,0,0,17,0,2,1,2,0.0,,-0.025000000000000036
0.5975,0.5,1.0,0,88,13.899999999999995,93.40000000000038,92.70000000000027,92.70000000000027,0,0,17,0,2,1,2,0.0,,-0.03000000000000002
0.5975,0.5,1.0,0,89,14.299999999999995,93.25000000000038,92.45000000000027,92.45000000000027,0,0,17,0,2,1,2,0.0,,-0.03000000000000002
0.5975,0.5,1.0,0,90,14.699999999999996,93.10000000000039,92.20000000000027,92.20000000000027,0,0,17,0,2,1,2,0.0,,-0.03000000000000002
0.5975,0.5,1.0,0,91,15.099999999999996,92.9500000000004,91.95000000000027,91.95000000000027,0,0,17,0,2,1,2,0.0,,-0.03000000000000002
0.6,0.5,1.0,0,92,15.499999999999996,92.80000000000041,91.70000000000027,91.70000000000027,0,0,17,0,2,1,2,0.0,,0.06999999999999999
0.6,0.5,1.0,0,93,15.799999999999997,92.75000000000041,91.45000000000027,91.45000000000027,0,0,17,0,2,1,2,0.0,,-0.025000000000000036
0.6025,0.5,1.0,0,94,16.199999999999996,92.60000000000042,91.20000000000027,91.20000000000027,0,0,17,0,2,1,2,0.0,,0.07000000000000008
0.605,0.5,1.0,0,95,16.599999999999998,92.45000000000043,90.95000000000027,90.95000000000027,0,0,17,0,2,1,2,0.0,,0.06999999999999991
0.61,0.5,1.0,0,96,17.0,92.30000000000044,90.70000000000027,90.70000000000027,0,0,17,0,2,1,2,0.0,,0.1699999999999999
0.6125,0.5,1.0,0,97,17.3,92.25000000000044,90.45000000000027,90.45000000000027,0,0,17,0,2,1,2,0.0,,0.07499999999999997
0.615,0.5,1.0,0,98,17.6,92.20000000000044,90.20000000000027,90.20000000000027,0,0,17,0,2,1,2,0.0,,0.07499999999999997
0.62,0.5,1.0,0,99,17.900000000000002,92.15000000000045,89.95000000000027,89.95000000000027,0,0,17,0,2,1,2,0.0,,0.17499999999999996
0.6225,0.5,1.0,0,100,18.200000000000003,92.10000000000045,89.70000000000027,89.70000000000027,0,0,17,0,2,1,2,0.0,,0.07499999999999997
0.63,0.5,1.0,0,101,18.500000000000004,92.05000000000045,89.45000000000027,89.45000000000027,0,0,17,0,2,1,2,0.0,,0.275
0.6325,0.5,1.0,0,102,18.800000000000004,92.00000000000045,89.20000000000027,89.20000000000027,0,0,17,0,2,1,2,0.0,,0.07499999999999997
0.635,0.5,1.0,0,103,19.100000000000005,91.95000000000046,88.95000000000027,88.95000000000027,0,0,17,0,2,1,2,0.0,,0.07499999999999997
0.6425,0.5,1.0,0,104,19.400000000000006,91.90000000000046,88.70000000000027,88.70000000000027,0,0,17,0,2,1,2,0.0,,0.275
0.6425,0.5,1.0,0,105,19.700000000000006,91.85000000000046,88.45000000000027,88.45000000000027,0,0,17,0,2,1,2,0.0,,-0.025000000000000036
0.65,0.5,1.0,0,106,20.000000000000007,91.80000000000047,88.20000000000027,88.20000000000027,0,0,17,0,2,1,2,0.0,,0.275
0.6525,0.5,1.0,0,107,20.300000000000008,91.75000000000047,87.95000000000027,87.95000000000027,0,0,17,0,2,1,2,0.0,,0.07499999999999997
0.6575,0.5,1.0,0,108,20.60000000000001,91.70000000000047,87.70000000000027,87.70000000000027,0,0,17,0,2,1,2,0.0,,0.17499999999999996
0.6625,0.5,1.0,0,109,20.90000000000001,91.65000000000047,87.45000000000027,87.45000000000027,0,0,17,0,2,1,2,0.0,,0.17499999999999996
0.665,0.5,1.0,0,110,21.20000000000001,91.60000000000048,87.20000000000027,87.20000000000027,0,0,17,0,2,1,2,0.0,,0.07499999999999997
0.665,0.5,1.0,0,111,21.50000000000001,91.55000000000048,86.95000000000027,86.95000000000027,0,0,17,0,2,1,2,0.0,,-0.025000000000000036
0.665,0.5,1.0,0,112,21.80000000000001,91.50000000000048,86.70000000000027,86.70000000000027,0,0,17,0,2,1,2,0.0,,-0.025000000000000036
0.665,0.5,1.0,0,113,22.100000000000012,91.45000000000049,86.45000000000027,86.45000000000027,0,0,17,0,2,1,2,0.0,,-0.025000000000000036
0.665,0.5,1.0,0,114,22.500000000000014,91.3000000000005,86.20000000000027,86.20000000000027,0,0,17,0,2,1,2,0.0,,-0.03000000000000011
0.665,0.5,1.0,0,115,22.900000000000016,91.1500000000005,85.95000000000027,85.95000000000027,0,0,17,0,2,1,2,0.0,,-0.03000000000000011
0.665,0.5,1.0,0,116,23.30000000000002,91.00000000000051,85.70000000000027,85.70000000000027,0,0,17,0,2,1,2,0.0,,-0.03000000000000011
0.665,0.5,1.0,0,117,23.70000000000002,90.85000000000052,85.45000000000027,85.45000000000027,0,0,17,0,2,1,2,0.0,,-0.03000000000000011
0.665,0.5,1.0,0,118,24.100000000000023,90.70000000000053,85.20000000000027,85.20000000000027,0,0,17,0,2,1,2,0.0,,-0.03000000000000011
0.6675,0.5,1.0,0,119,24.500000000000025,90.55000000000054,84.95000000000027,84.95000000000027,0,0,17,0,2,1,2,0.0,,0.06999999999999991
0.6675,0.5,1.0,0,120,24.900000000000027,90.40000000000055,84.70000000000027,84.70000000000027,0,0,17,0,2,1,2,0.0,,-0.03000000000000011
0.6725,0.5,1.0,0,121,25.30000000000003,90.25000000000055,84.45000000000027,84.45000000000027,0,0,17,0,2,1,2,0.0,,0.1699999999999999
0.6725,0.5,1.0,0,122,25.60000000000003,90.20000000000056,84.20000000000027,84.20000000000027,0,0,17,0,2,1,2,0.0,,-0.025000000000000036
0.6725,0.5,1.0,0,123,25.90000000000003,90.15000000000056,83.95000000000027,83.95000000000027,0,0,17,0,2,1,2,0.0,,-0.025000000000000036
0.6725,0.5,1.0,0,124,26.20000000000003,90.10000000000056,83.70000000000027,83.70000000000027,0,0,17,0,2,1,2,0.0,,-0.025000000000000036
0.675,0.5,1.0,0,125,26.500000000000032,90.05000000000057,83.45000000000027,83.45000000000027,0,0,17,0,2,1,2,0.0,,0.07499999999999997
0.675,0.5,1.0,0,126,26.800000000000033,90.00000000000057,83.20000000000027,83.20000000000027,0,0,17,0,2,1,2,0.0,,-0.025000000000000036
0.675,0.5,1.0,0,127,27.100000000000033,89.95000000000057,82.95000000000027,82.95000000000027,0,0,17,0,2,1,2,0.0,,-0.025000000000000036
0.675,0.5,1.0,0,128,27.400000000000034,89.90000000000057,82.70000000000027,82.70000000000027,0,0,17,0,2,1,2,0.0,,-0.025000000000000036
0.675,0.5,1.0,0,129,27.700000000000035,89.85000000000058,82.45000000000027,82.45000000000027,0,0,17,0,2,1,2,0.0,,-0.025000000000000036
0.675,0.5,1.0,0,130,28.000000000000036,89.80000000000058,82.20000000000027,82.20000000000027,0,0,17,0,2,1,2,0.0,,-0.025000000000000036
0.675,0.5,1.0,0,131,28.300000000000036,89.75000000000058,81.95000000000027,81.95000000000027,0,0,17,0,2,1,2,0.0,,-0.025000000000000036
0.675,0.5,1.0,0,132,28.600000000000037,89.70000000000059,81.70000000000027,81.70000000000027,0,0,17,0,2,1,2,0.0,,-0.025000000000000036
0.675,0.5,1.0,0,133,28.900000000000038,89.65000000000059,81.45000000000027,81.45000000000027,0,0,17,0,2,1,2,0.0,,-0.025000000000000036
0.675,0.5,1.0,0,134,29.20000000000004,89.60000000000059,81.20000000000027,81.20000000000027,0,0,17,0,2,1,2,0.0,,-0.025000000000000036
0.675,0.5,1.0,0,135,29.50000000000004,89.5500000000006,80.95000000000027,80.95000000000027,0,0,17,0,2,1,2,0.0,,-0.025000000000000036
0.675,0.5,1.0,0,136,29.80000000000004,89.5000000000006,80.70000000000027,80.70000000000027,0,0,17,0,2,1,2,0.007352941176470588,,-0.025000000000000036
0.675,0.5,1.0,0,137,30.10000000000004,89.4500000000006,80.45000000000027,80.45000000000027,0,0,17,0,2,1,2,0.014598540145985401,,-0.025000000000000036
0.675,0.5,1.0,0,138,30.40000000000004,89.4000000000006,80.20000000000027,80.20000000000027,0,0,17,0,2,1,2,0.021739130434782608,,-0.025000000000000036
0.675,0.5,1.0,0,139,30.800000000000043,89.25000000000061,79.95000000000027,79.95000000000027,0,0,17,0,2,1,2,0.02877697841726619,,-0.03000000000000011
0.675,0.5,1.0,0,140,31.200000000000045,89.10000000000062,79.70000000000027,79.70000000000027,0,0,17,0,2,1,2,0.03571428571428571,,-0.03000000000000011
0.675,0.5,1.0,0,141,31.600000000000048,88.95000000000063,79.45000000000027,79.45000000000027,0,0,17,0,2,1,2,0.0425531914893617,,-0.03000000000000011
0.675,0.5,1.0,0,142,32.00000000000005,88.80000000000064,79.20000000000027,79.20000000000027,0,0,17,0,2,1,2,0.04929577464788732,,-0.03000000000000011
0.675,0.5,1.0,0,143,32.40000000000005,88.65000000000065,78.95000000000027,78.95000000000027,0,0,17,0,2,1,2,0.055944055944055944,,-0.02999999999999993
0.675,0.5,1.0,0,144,32.80000000000005,88.50000000000065,78.70000000000027,78.70000000000027,0,0,17,0,2,1,2,0.0625,,-0.02999999999999993
0.675,0.5,1.0,0,145,33.200000000000045,88.35000000000066,78.45000000000027,78.45000000000027,0,0,17,0,2,1,2,0.06896551724137931,,-0.02999999999999993
0.675,0.5,1.0,0,146,33.600000000000044,88.20000000000067,78.20000000000027,78.20000000000027,0,0,17,0,2,1,2,0.07534246575342465,,-0.02999999999999993
0.675,0.5,1.0,0,147,33.90000000000004,88.15000000000067,77.95000000000027,77.95000000000027,0,0,17,0,2,1,2,0.08163265306122448,,-0.02499999999999986
0.675,0.5,1.0,0,148,34.20000000000004,88.10000000000068,77.70000000000027,77.70000000000027,0,0,17,0,2,1,2,0.08783783783783784,,-0.02499999999999986
0.675,0.5,1.0,0,149,34.500000000000036,88.05000000000068,77.45000000000027,77.45000000000027,0,0,17,0,2,1,2,0.09395973154362416,,-0.02499999999999986
0.675,0.5,1.0,0,150,34.80000000000003,88.00000000000068,77.20000000000027,77.20000000000027,0,0,17,0,2,1,2,0.1,,-0.02499999999999986
0.675,0.5,1.0,0,151,35.10000000000003,87.95000000000068,76.95000000000027,76.95000000000027,0,0,17,0,2,1,2,0.10596026490066225,,-0.02499999999999986
0.675,0.5,1.0,0,152,35.40000000000003,87.90000000000069,76.70000000000027,76.70000000000027,0,0,17,0,2,1,2,0.1118421052631579,,-0.02499999999999986
0.675,0.5,1.0,0,153,35.700000000000024,87.85000000000069,76.45000000000027,76.45000000000027,0,0,17,0,2,1,2,0.11764705882352941,,-0.02499999999999986
0.675,0.5,1.0,0,154,36.00000000000002,87.8000000000007,76.20000000000027,76.20000000000027,0,0,17,0,2,1,2,0.12337662337662338,,-0.02499999999999986
0.675,0.5,1.0,0,155,36.30000000000002,87.7500000000007,75.95000000000027,75.95000000000027,0,0,17,0,2,1,2,0.12903225806451613,,-0.02499999999999986
0.675,0.5,1.0,0,156,36.600000000000016,87.7000000000007,75.70000000000027,75.70000000000027,0,0,17,0,2,1,2,0.1346153846153846,,-0.02499999999999986
0.675,0.5,1.0,0,157,36.90000000000001,87.6500000000007,75.45000000000027,75.45000000000027,0,0,17,0,2,1,2,0.14012738853503184,,-0.02499999999999986
0.675,0.5,1.0,0,158,37.20000000000001,87.6000000000007,75.20000000000027,75.20000000000027,0,0,17,0,2,1,2,0.14556962025316456,,-0.02499999999999986
0.675,0.5,1.0,0,159,37.50000000000001,87.55000000000071,74.95000000000027,74.95000000000027,0,0,17,0,2,1,2,0.1509433962264151,,-0.02499999999999986
0.675,0.5,1.0,0,160,37.800000000000004,87.50000000000071,74.70000000000027,74.70000000000027,0,0,17,0,2,1,2,0.15625,,-0.02499999999999986
0.675,0.5,1.0,0,161,38.1,87.45000000000071,74.45000000000027,74.45000000000027,0,0,17,0,2,1,2,0.16149068322981366,,-0.02499999999999986
0.675,0.5,1.0,0,162,38.4,87.40000000000072,74.20000000000027,74.20000000000027,0,0,17,0,2,1,2,0.16666666666666666,,-0.02499999999999986
0.675,0.5,1.0,0,163,38.699999999999996,87.35000000000072,73.95000000000027,73.95000000000027,0,0,17,0,2,1,2,0.17177914110429449,,-0.02499999999999986
0.675,0.5,1.0,0,164,39.099999999999994,87.20000000000073,73.70000000000027,73.70000000000027,0,0,17,0,2,1,2,0.17682926829268292,,-0.02999999999999993
0.675,0.5,1.0,0,165,39.49999999999999,87.05000000000074,73.45000000000027,73.45000000000027,0,0,17,0,2,1,2,0.18181818181818182,,-0.02999999999999993
0.675,0.5,1.0,0,166,39.89999999999999,86.90000000000074,73.20000000000027,73.20000000000027,0,0,17,0,2,1,2,0.18674698795180722,,-0.02999999999999993
0.675,0.5,1.0,0,167,40.29999999999999,86.75000000000075,72.95000000000027,72.95000000000027,0,0,17,0,2,1,2,0.19161676646706588,,-0.02999999999999993
0.675,0.5,1.0,0,168,40.69999999999999,86.60000000000076,72.70000000000027,72.70000000000027,0,0,17,0,2,1,2,0.19642857142857142,,-0.02999999999999993
0.675,0.5,1.0,0,169,41.09999999999999,86.45000000000077,72.45000000000027,72.45000000000027,0,0,17,0,2,1,2,0.20118343195266272,,-0.02999999999999993
0.675,0.5,1.0,0,170,41.499999999999986,86.30000000000078,72.20000000000027,72.20000000000027,0,0,17,0,2,1,2,0.20588235294117646,,-0.02999999999999993
0.675,0.5,1.0,0,171,41.79999999999998,86.25000000000078,71.95000000000027,71.95000000000027,0,0,17,0,2,1,2,0.21052631578947367,,-0.02499999999999986
0.675,0.5,1.0,0,172,42.09999999999998,86.20000000000078,71.70000000000027,71.70000000000027,0,0,17,0,2,1,2,0.21511627906976744,,-0.02499999999999986
0.675,0.5,1.0,0,173,42.39999999999998,86.15000000000079,71.45000000000027,71.45000000000027,0,0,17,0,2,1,2,0.21965317919075145,,-0.02499999999999986
0.6775,0.5,1.0,0,174,42.699999999999974,86.10000000000079,71.20000000000027,71.20000000000027,0,0,17,0,2,1,2,0.22126436781609196,,0.07500000000000015
0.6775,0.5,1.0,0,175,42.99999999999997,86.0500000000008,70.95000000000027,70.95000000000027,0,0,17,0,2,1,2,0.2257142857142857,,-0.02499999999999986
0.6775,0.5,1.0,0,176,43.29999999999997,86.0000000000008,70.70000000000027,70.70000000000027,0,0,17,0,2,1,2,0.23011363636363635,,-0.02499999999999986
0.68,0.5,1.0,0,177,43.599999999999966,85.9500000000008,70.45000000000027,70.45000000000027,0,0,17,0,2,1,2,0.23163841807909605,,0.07500000000000015
0.68,0.5,1.0,0,178,43.89999999999996,85.9000000000008,70.20000000000027,70.20000000000027,0,0,17,0,2,1,2,0.23595505617977527,,-0.02499999999999986
0.68,0.5,1.0,0,179,44.19999999999996,85.8500000000008,69.95000000000027,69.95000000000027,0,0,17,0,2,1,2,0.24022346368715083,,-0.02499999999999986
0.68,0.5,1.0,0,180,44.49999999999996,85.80000000000081,69.70000000000027,69.70000000000027,0,0,17,0,2,1,2,0.24444444444444444,,-0.02499999999999986
0.68,0.5,1.0,0,181,44.799999999999955,85.75000000000081,69.45000000000027,69.45000000000027,0,0,17,0,2,1,2,0.24861878453038674,,-0.02499999999999986
0.68,0.5,1.0,0,182,45.09999999999995,85.70000000000081,69.20000000000027,69.20000000000027,0,0,17,0,2,1,2,0.25274725274725274,,-0.02499999999999986
0.68,0.5,1.0,0,183,45.39999999999995,85.65000000000082,68.95000000000027,68.95000000000027,0,0,17,0,2,1,2,0.2568306010928962,,-0.02499999999999986
0.68,0.5,1.0,0,184,45.699999999999946,85.60000000000082,68.70000000000027,68.70000000000027,0,0,17,0,2,1,2,0.2608695652173913,,-0.02499999999999986
0.68,0.5,1.0,0,185,45.99999999999994,85.55000000000082,68.45000000000027,68.45000000000027,0,0,17,0,2,1,2,0.2648648648648649,,-0.02499999999999986
0.68,0.5,1.0,0,186,46.29999999999994,85.50000000000082,68.20000000000027,68.20000000000027,0,0,17,0,2,1,2,0.26881720430107525,,-0.02499999999999986
0.68,0.5,1.0,0,187,46.59999999999994,85.45000000000083,67.95000000000027,67.95000000000027,0,0,17,0,2,1,2,0.2727272727272727,,-0.02499999999999986
0.68,0.5,1.0,0,188,46.899999999999935,85.40000000000083,67.70000000000027,67.70000000000027,0,0,17,0,2,1,2,0.2765957446808511,,-0.02499999999999986
0.68,0.5,1.0,0,189,47.19999999999993,85.35000000000083,67.45000000000027,67.45000000000027,0,0,17,0,2,1,2,0.2804232804232804,,-0.02499999999999986
0.68,0.5,1.0,0,190,47.49999999999993,85.30000000000084,67.20000000000027,67.20000000000027,0,0,17,0,2,1,2,0.28421052631578947,,-0.02499999999999986
0.68,0.5,1.0,0,191,47.799999999999926,85.25000000000084,66.95000000000027,66.95000000000027,0,0,17,0,2,1,2,0.2879581151832461,,-0.02499999999999986
0.68,0.5,1.0,0,192,48.09999999999992,85.20000000000084,66.70000000000027,66.70000000000027,0,0,17,0,2,1,2,0.2916666666666667,,-0.02499999999999986
0.68,0.5,1.0,0,193,48.39999999999992,85.15000000000084,66.45000000000027,66.45000000000027,0,0,17,0,2,1,2,0.29533678756476683,,-0.02499999999999986
0.68,0.5,1.0,0,194,48.79999999999992,85.00000000000085,66.20000000000027,66.20000000000027,0,0,17,0,2,1,2,0.29896907216494845,,-0.02999999999999993
0.68,0.5,1.0,0,195,49.19999999999992,84.85000000000086,65.95000000000027,65.95000000000027,0,0,17,0,2,1,2,0.30256410256410254,,-0.02999999999999993
0.68,0.5,1.0,0,196,49.599999999999916,84.70000000000087,65.70000000000027,65.70000000000027,0,0,17,0,2,1,2,0.30612244897959184,,-0.02999999999999993
0.68,0.5,1.0,0,197,49.999999999999915,84.55000000000088,65.45000000000027,65.45000000000027,0,0,17,0,2,1,2,0.3096446700507614,,-0.02999999999999993
0.68,0.5,1.0,0,198,50.39999999999991,84.40000000000089,65.20000000000027,65.20000000000027,0,0,17,0,2,1,2,0.31313131313131315,,-0.02999999999999993
0.68,0.5,1.0,0,199,50.79999999999991,84.2500000000009,64.95000000000027,64.95000000000027,0,0,17,0,2,1,2,0.3165829145728643,,-0.02999999999999993
0.68,0.5,1.0,0,200,51.19999999999991,84.1000000000009,64.70000000000027,64.70000000000027,0,0,17,0,2,1,2,0.32,,-0.02999999999999993
0.68,0.5,1.0,0,201,51.59999999999991,83.95000000000091,64.45000000000027,64.45000000000027,0,0,17,0,2,1,2,0.32338308457711445,,-0.02999999999999993
0.68,0.5,1.0,0,202,51.99999999999991,83.80000000000092,64.20000000000027,64.20000000000027,0,0,17,0,2,1,2,0.32673267326732675,,-0.02999999999999993
0.68,0.5,1.0,0,203,52.299999999999905,83.75000000000092,63.95000000000027,63.95000000000027,0,0,17,0,2,1,2,0.33004926108374383,,-0.02499999999999986
0.68,0.5,1.0,0,204,52.5999999999999,83.70000000000093,63.70000000000027,63.70000000000027,0,0,17,0,2,1,2,0.3333333333333333,,-0.02499999999999986
0.68,0.5,1.0,0,205,52.8999999999999,83.65000000000093,63.45000000000027,63.45000000000027,0,0,17,0,2,1,2,0.33658536585365856,,-0.02499999999999986
0.68,0.5,1.0,0,206,53.199999999999896,83.60000000000093,63.20000000000027,63.20000000000027,0,0,17,0,2,1,2,0.33980582524271846,,-0.02499999999999986
0.68,0.5,1.0,0,207,53.49999999999989,83.55000000000094,62.95000000000027,62.95000000000027,0,0,17,0,2,1,2,0.34299516908212563,,-0.02499999999999986
0.68,0.5,1.0,0,208,53.79999999999989,83.50000000000094,62.70000000000027,62.70000000000027,0,0,17,0,2,1,2,0.34615384615384615,,-0.02499999999999986
0.68,0.5,1.0,0,209,54.09999999999989,83.45000000000094,62.45000000000027,62.45000000000027,0,0,17,0,2,1,2,0.3492822966507177,,-0.02499999999999986
0.68,0.5,1.0,0,210,54.399999999999885,83.40000000000094,62.20000000000027,62.20000000000027,0,0,17,0,2,1,2,0.3523809523809524,,-0.02499999999999986
0.68,0.5,1.0,0,211,54.69999999999988,83.35000000000095,61.95000000000027,61.95000000000027,0,0,17,0,2,1,2,0.35545023696682465,,-0.02499999999999986
0.68,0.5,1.0,0,212,54.99999999999988,83.30000000000095,61.70000000000027,61.70000000000027,0,0,17,0,2,1,2,0.3584905660377358,,-0.02499999999999986
0.68,0.5,1.0,0,213,55.299999999999876,83.25000000000095,61.45000000000027,61.45000000000027,0,0,17,0,2,1,2,0.3615023474178404,,-0.02499999999999986
0.68,0.5,1.0,0,214,55.59999999999987,83.20000000000095,61.20000000000027,61.20000000000027,0,0,17,0,2,1,2,0.3644859813084112,,-0.02499999999999986
0.68,0.5,1.0,0,215,55.89999999999987,83.15000000000096,60.95000000000027,60.95000000000027,0,0,17,0,2,1,2,0.3674418604651163,,-0.02499999999999986
0.68,0.5,1.0,0,216,56.19999999999987,83.10000000000096,60.70000000000027,60.70000000000027,0,0,17,0,2,1,2,0.37037037037037035,,-0.02499999999999986
0.68,0.5,1.0,0,217,56.499999999999865,83.05000000000096,60.45000000000027,60.45000000000027,0,0,17,0,2,1,2,0.37327188940092165,,-0.02499999999999986
0.68,0.5,1.0,0,218,56.79999999999986,83.00000000000097,60.20000000000027,60.20000000000027,0,0,17,0,2,1,2,0.3761467889908257,,-0.02499999999999986
0.68,0.5,1.0,0,219,57.09999999999986,82.95000000000097,59.95000000000027,59.95000000000027,0,0,17,0,2,1,2,0.3789954337899543,,-0.02499999999999986
0.68,0.5,1.0,0,220,57.39999999999986,82.90000000000097,59.70000000000027,59.70000000000027,0,0,17,0,2,1,2,0.38181818181818183,,-0.02499999999999986
0.68,0.5,1.0,0,221,57.699999999999854,82.85000000000097,59.45000000000027,59.45000000000027,0,0,17,0,2,1,2,0.38461538461538464,,-0.02499999999999986
0.68,0.5,1.0,0,222,57.99999999999985,82.80000000000098,59.20000000000027,59.20000000000027,0,0,17,0,2,1,2,0.38738738738738737,,-0.02499999999999986
0.68,0.5,1.0,0,223,58.29999999999985,82.75000000000098,58.95000000000027,58.95000000000027,0,0,17,0,2,1,2,0.3901345291479821,,-0.02499999999999986
0.68,0.5,1.0,0,224,58.599999999999845,82.70000000000098,58.70000000000027,58.70000000000027,0,0,17,0,2,1,2,0.39285714285714285,,-0.02499999999999986
0.68,0.5,1.0,0,225,58.89999999999984,82.65000000000099,58.45000000000027,58.45000000000027,0,0,17,0,2,1,2,0.39555555555555555,,-0.02499999999999986
0.68,0.5,1.0,0,226,59.19999999999984,82.60000000000099,58.20000000000027,58.20000000000027,0,0,17,0,2,1,2,0.39823008849557523,,-0.02499999999999986
0.68,0.5,1.0,0,227,59.49999999999984,82.55000000000099,57.95000000000027,57.95000000000027,0,0,17,0,2,1,2,0.4008810572687225,,-0.02499999999999986
0.68,0.5,1.0,0,228,59.799999999999834,82.500000000001,57.70000000000027,57.70000000000027,0,0,17,0,2,1,2,0.40350877192982454,,-0.02499999999999986
0.68,0.5,1.0,0,229,60.09999999999983,82.450000000001,57.45000000000027,57.45000000000027,0,0,17,0,2,1,2,0.40611353711790393,,-0.02499999999999986
0.68,0.5,1.0,0,230,60.49999999999983,82.300000000001,57.20000000000027,57.20000000000027,0,0,17,0,2,1,2,0.40869565217391307,,-0.02999999999999993
0.68,0.5,1.0,0,231,60.89999999999983,82.15000000000101,56.95000000000027,56.95000000000027,0,0,17,0,2,1,2,0.41125541125541126,,-0.02999999999999993
0.68,0.5,1.0,0,232,61.29999999999983,82.00000000000102,56.70000000000027,56.70000000000027,0,0,17,0,2,1,2,0.41379310344827586,,-0.02999999999999993
0.68,0.5,1.0,0,233,61.599999999999824,81.95000000000103,56.45000000000027,56.45000000000027,0,0,17,0,2,1,2,0.41630901287553645,,-0.02499999999999986
0.68,0.5,1.0,0,234,61.99999999999982,81.80000000000103,56.20000000000027,56.20000000000027,0,0,17,0,2,1,2,0.4188034188034188,,-0.02999999999999993
0.68,0.5,1.0,0,235,62.39999999999982,81.65000000000104,55.95000000000027,55.95000000000027,0,0,17,0,2,1,2,0.42127659574468085,,-0.02999999999999993
0.68,0.5,1.0,0,236,62.79999999999982,81.50000000000105,55.70000000000027,55.70000000000027,0,0,17,0,2,1,2,0.423728813559322,,-0.02999999999999993
0.68,0.5,1.0,0,237,63.19999999999982,81.35000000000106,55.45000000000027,55.45000000000027,0,0,17,0,2,1,2,0.42616033755274263,,-0.02999999999999993
0.68,0.5,1.0,0,238,63.499999999999815,81.30000000000106,55.20000000000027,55.20000000000027,0,0,17,0,2,1,2,0.42857142857142855,,-0.02499999999999986
0.68,0.5,1.0,0,239,63.79999999999981,81.25000000000107,54.95000000000027,54.95000000000027,0,0,17,0,2,1,2,0.4309623430962343,,-0.02499999999999986
0.68,0.5,1.0,0,240,64.09999999999981,81.20000000000107,54.70000000000027,54.70000000000027,0,0,17,0,2,1,2,0.43333333333333335,,-0.02499999999999986
0.68,0.5,1.0,0,241,64.3999999999998,81.15000000000107,54.45000000000027,54.45000000000027,0,0,17,0,2,1,2,0.43568464730290457,,-0.02499999999999986
0.68,0.5,1.0,0,242,64.6999999999998,81.10000000000107,54.20000000000027,54.20000000000027,0,0,17,0,2,1,2,0.4380165289256198,,-0.02499999999999986
0.68,0.5,1.0,0,243,64.9999999999998,81.05000000000108,53.95000000000027,53.95000000000027,0,0,17,0,2,1,2,0.4403292181069959,,-0.02499999999999986
0.68,0.5,1.0,0,244,65.2999999999998,81.00000000000108,53.70000000000027,53.70000000000027,0,0,17,0,2,1,2,0.4426229508196721,,-0.02499999999999986
0.68,0.5,1.0,0,245,65.5999999999998,80.95000000000108,53.45000000000027,53.45000000000027,0,0,17,0,2,1,2,0.4448979591836735,,-0.02499999999999986
0.68,0.5,1.0,0,246,65.89999999999979,80.90000000000109,53.20000000000027,53.20000000000027,0,0,17,0,2,1,2,0.44715447154471544,,-0.02499999999999986
0.68,0.5,1.0,0,247,66.19999999999979,80.85000000000109,52.95000000000027,52.95000000000027,0,0,17,0,2,1,2,0.4493927125506073,,-0.02499999999999986
0.68,0.5,1.0,0,248,66.49999999999979,80.80000000000109,52.70000000000027,52.70000000000027,0,0,17,0,2,1,2,0.45161290322580644,,-0.02499999999999986
0.68,0.5,1.0,0,249,66.79999999999978,80.7500000000011,52.45000000000027,52.45000000000027,0,0,17,0,2,1,2,0.4538152610441767,,-0.02499999999999986
0.68,0.5,1.0,0,250,67.09999999999978,80.7000000000011,52.20000000000027,52.20000000000027,0,0,17,0,2,1,2,0.456,,-0.02499999999999986
0.68,0.5,1.0,0,251,67.39999999999978,80.6500000000011,51.95000000000027,51.95000000000027,0,0,17,0,2,1,2,0.4581673306772908,,-0.02499999999999986
0.68,0.5,1.0,0,252,67.69999999999978,80.6000000000011,51.70000000000027,51.70000000000027,0,0,17,0,2,1,2,0.4603174603174603,,-0.02499999999999986
0.68,0.5,1.0,0,253,67.99999999999977,80.5500000000011,51.45000000000027,51.45000000000027,0,0,17,0,2,1,2,0.4624505928853755,,-0.02499999999999986
0.68,0.5,1.0,0,254,68.29999999999977,80.50000000000111,51.20000000000027,51.20000000000027,0,0,17,0,2,1,2,0.4645669291338583,,-0.02499999999999986
0.68,0.5,1.0,0,255,68.59999999999977,80.45000000000111,50.95000000000027,50.95000000000027,0,0,17,0,2,1,2,0.4666666666666667,,-0.02499999999999986
0.68,0.5,1.0,0,256,68.89999999999976,80.40000000000111,50.70000000000027,50.70000000000027,0,0,17,0,2,1,2,0.46875,,-0.02499999999999986
0.68,0.5,1.0,0,257,69.19999999999976,80.35000000000112,50.45000000000027,50.45000000000027,0,0,17,0,2,1,2,0.4708171206225681,,-0.02499999999999986
0.68,0.5,1.0,0,258,69.49999999999976,80.30000000000112,50.20000000000027,50.20000000000027,0,0,17,0,2,1,2,0.4728682170542636,,-0.02499999999999986
0.68,0.5,1.0,0,259,69.79999999999976,80.25000000000112,49.95000000000027,49.95000000000027,0,0,17,0,2,1,2,0.4749034749034749,,-0.02499999999999986
0.68,0.5,1.0,0,260,70.09999999999975,80.20000000000113,49.70000000000027,49.70000000000027,0,0,17,0,2,1,2,0.47692307692307695,,-0.02499999999999986
0.6875,0.5,1.0,0,261,70.39999999999975,80.15000000000113,49.45000000000027,49.45000000000027,0,0,17,0,2,1,2,0.4731800766283525,,0.2750000000000002
0.6875,0.5,1.0,0,262,70.69999999999975,80.10000000000113,49.20000000000027,49.20000000000027,0,0,17,0,2,1,2,0.4751908396946565,,-0.02499999999999986
0.6975,0.5,1.0,0,263,70.99999999999974,80.05000000000113,48.95000000000027,48.95000000000027,0,0,17,0,2,1,2,0.4695817490494297,,0.37500000000000017
0.7,0.5,1.0,0,264,71.29999999999974,80.00000000000114,48.70000000000027,48.70000000000027,0,0,17,0,2,1,2,0.4696969696969697,,0.07500000000000015
0.7075,0.5,1.0,0,265,71.59999999999974,79.95000000000114,48.45000000000027,48.45000000000027,0,0,17,0,2,1,2,0.4660377358490566,,0.2750000000000002
0.71,0.5,1.0,0,266,71.89999999999974,79.90000000000114,48.20000000000027,48.20000000000027,0,0,17,0,2,1,2,0.46616541353383456,,0.07500000000000015
0.71,0.5,1.0,0,267,72.19999999999973,79.85000000000115,47.95000000000027,47.95000000000027,0,0,17,0,2,1,2,0.4681647940074906,,-0.02499999999999986
0.71,0.5,1.0,0,268,72.49999999999973,79.80000000000115,47.70000000000027,47.70000000000027,0,0,17,0,2,1,2,0.4701492537313433,,-0.02499999999999986
0.71,0.5,1.0,0,269,72.89999999999972,79.65000000000116,47.45000000000027,47.45000000000027,0,0,17,0,2,1,2,0.4721189591078067,,-0.029999999999999576
0.71,0.5,1.0,0,270,73.29999999999971,79.50000000000117,47.20000000000027,47.20000000000027,0,0,17,0,2,1,2,0.4740740740740741,,-0.029999999999999576
0.71,0.5,1.0,0,271,73.59999999999971,79.45000000000117,46.95000000000027,46.95000000000027,0,0,17,0,2,1,2,0.47601476014760147,,-0.02499999999999986
0.71,0.5,1.0,0,272,73.9999999999997,79.30000000000118,46.70000000000027,46.70000000000027,0,0,17,0,2,1,2,0.47794117647058826,,-0.029999999999999576
0.71,0.5,1.0,0,273,74.3999999999997,79.15000000000119,46.45000000000027,46.45000000000027,0,0,17,0,2,1,2,0.47985347985347987,,-0.029999999999999576
0.71,0.5,1.0,0,274,74.79999999999968,79.0000000000012,46.20000000000027,46.20000000000027,0,0,17,0,2,1,2,0.48175182481751827,,-0.029999999999999576
0.71,0.5,1.0,0,275,75.19999999999968,78.8500000000012,45.95000000000027,45.95000000000027,0,0,17,0,2,1,2,0.48363636363636364,,-0.029999999999999576
0.71,0.5,1.0,0,276,75.49999999999967,78.8000000000012,45.70000000000027,45.70000000000027,0,0,17,0,2,1,2,0.4855072463768116,,-0.02499999999999986
0.71,0.5,1.0,0,277,75.79999999999967,78.75000000000121,45.45000000000027,45.45000000000027,0,0,17,0,2,1,2,0.48736462093862815,,-0.02499999999999986
0.71,0.5,1.0,0,278,76.19999999999966,78.60000000000122,45.20000000000027,45.20000000000027,0,0,17,0,2,1,2,0.4892086330935252,,-0.029999999999999576
0.71,0.5,1.0,0,279,76.59999999999965,78.45000000000122,44.95000000000027,44.95000000000027,0,0,17,0,2,1,2,0.4910394265232975,,-0.029999999999999576
0.71,0.5,1.0,0,280,76.99999999999964,78.30000000000123,44.70000000000027,44.70000000000027,0,0,17,0,2,1,2,0.4928571428571429,,-0.029999999999999576
0.71,0.5,1.0,0,281,77.29999999999964,78.25000000000124,44.45000000000027,44.45000000000027,0,0,17,0,2,1,2,0.49466192170818507,,-0.02499999999999986
0.71,0.5,1.0,0,282,77.59999999999964,78.20000000000124,44.20000000000027,44.20000000000027,0,0,17,0,2,1,2,0.49645390070921985,,-0.02499999999999986
0.71,0.5,1.0,0,283,77.89999999999964,78.15000000000124,43.95000000000027,43.95000000000027,0,0,17,0,2,1,2,0.49823321554770317,,-0.02499999999999986
0.71,0.5,1.0,0,284,78.19999999999963,78.10000000000124,43.70000000000027,43.70000000000027,0,0,17,0,2,1,2,0.5,,-0.02499999999999986
0.71,0.5,1.0,0,285,78.49999999999963,78.05000000000125,43.45000000000027,43.45000000000027,0,0,17,0,2,1,2,0.5017543859649123,,-0.02499999999999986
0.71,0.5,1.0,0,286,78.79999999999963,78.00000000000125,43.20000000000027,43.20000000000027,0,0,17,0,2,1,2,0.5034965034965035,,-0.02499999999999986
0.71,0.5,1.0,0,287,79.09999999999962,77.95000000000125,42.95000000000027,42.95000000000027,0,0,17,0,2,1,2,0.5052264808362369,,-0.02499999999999986
0.71,0.5,1.0,0,288,79.39999999999962,77.90000000000126,42.70000000000027,42.70000000000027,0,0,17,0,2,1,2,0.5069444444444444,,-0.02499999999999986
0.71,0.5,1.0,0,289,79.69999999999962,77.85000000000126,42.45000000000027,42.45000000000027,0,0,17,0,2,1,2,0.5086505190311419,,-0.02499999999999986
0.71,0.5,1.0,0,290,79.99999999999962,77.80000000000126,42.20000000000027,42.20000000000027,0,0,17,0,2,1,2,0.5103448275862069,,-0.02499999999999986
0.71,0.5,1.0,0,291,80.29999999999961,77.75000000000126,41.95000000000027,41.95000000000027,0,0,17,0,2,1,2,0.5120274914089347,,-0.02499999999999986
0.71,0.5,1.0,0,292,80.59999999999961,77.70000000000127,41.70000000000027,41.70000000000027,0,0,17,0,2,1,2,0.5136986301369864,,-0.02499999999999986
0.71,0.5,1.0,0,293,80.89999999999961,77.65000000000127,41.45000000000027,41.45000000000027,0,0,17,0,2,1,2,0.515358361774744,,-0.02499999999999986
0.71,0.5,1.0,0,294,81.1999999999996,77.60000000000127,41.20000000000027,41.20000000000027,0,0,17,0,2,1,2,0.5170068027210885,,-0.02499999999999986
0.71,0.5,1.0,0,295,81.4999999999996,77.55000000000128,40.95000000000027,40.95000000000027,0,0,17,0,2,1,2,0.5186440677966102,,-0.02499999999999986
0.71,0.5,1.0,0,296,81.7999999999996,77.50000000000128,40.70000000000027,40.70000000000027,0,0,17,0,2,1,2,0.5202702702702703,,-0.02499999999999986
0.71,0.5,1.0,0,297,82.0999999999996,77.45000000000128,40.45000000000027,40.45000000000027,0,0,17,0,2,1,2,0.5218855218855218,,-0.02499999999999986
0.71,0.5,1.0,0,298,82.3999999999996,77.40000000000128,40.20000000000027,40.20000000000027,0,0,17,0,2,1,2,0.5234899328859061,,-0.02499999999999986
0.71,0.5,1.0,0,299,82.69999999999959,77.35000000000129,39.95000000000027,39.95000000000027,0,0,17,0,2,1,2,0.5250836120401338,,-0.02499999999999986
0.71,0.5,1.0,0,300,82.99999999999959,77.30000000000129,39.70000000000027,39.70000000000027,0,0,17,0,2,1,2,0.5266666666666666,,-0.02499999999999986
0.71,0.5,1.0,0,301,83.29999999999959,77.2500000000013,39.45000000000027,39.45000000000027,0,0,17,0,2,1,2,0.5282392026578073,,-0.02499999999999986
0.71,0.5,1.0,0,302,83.59999999999958,77.2000000000013,39.20000000000027,39.20000000000027,0,0,17,0,2,1,2,0.5298013245033113,,-0.02499999999999986
0.71,0.5,1.0,0,303,83.89999999999958,77.1500000000013,38.95000000000027,38.95000000000027,0,0,17,0,2,1,2,0.5313531353135313,,-0.02499999999999986
0.71,0.5,1.0,0,304,84.19999999999958,77.1000000000013,38.70000000000027,38.70000000000027,0,0,17,0,2,1,2,0.5328947368421053,,-0.02499999999999986
0.71,0.5,1.0,0,305,84.49999999999957,77.0500000000013,38.45000000000027,38.45000000000027,0,0,17,0,2,1,2,0.5344262295081967,,-0.02499999999999986
0.71,0.5,1.0,0,306,84.79999999999957,77.00000000000131,38.20000000000027,38.20000000000027,0,0,17,0,2,1,2,0.5359477124183006,,-0.02499999999999986
0.71,0.5,1.0,0,307,85.09999999999957,76.95000000000131,37.95000000000027,37.95000000000027,0,0,17,0,2,1,2,0.5374592833876222,,-0.02499999999999986
0.71,0.5,1.0,0,308,85.39999999999957,76.90000000000131,37.70000000000027,37.70000000000027,0,0,17,0,2,1,2,0.538961038961039,,-0.02499999999999986
0.7125,0.5,1.0,0,309,85.79999999999956,76.75000000000132,37.45000000000027,37.45000000000027,0,0,17,0,2,1,2,0.5388349514563107,,0.07000000000000044
0.7125,0.5,1.0,0,310,86.19999999999955,76.60000000000133,37.20000000000027,37.20000000000027,0,0,17,0,2,1,2,0.5403225806451613,,-0.029999999999999576
0.7175,0.5,1.0,0,311,86.59999999999954,76.45000000000134,36.95000000000027,36.95000000000027,0,0,17,0,2,1,2,0.5385852090032154,,0.17000000000000043
0.72,0.5,1.0,0,312,86.99999999999953,76.30000000000135,36.70000000000027,36.70000000000027,0,0,17,0,2,1,2,0.5384615384615384,,0.07000000000000044
0.72,0.5,1.0,0,313,87.29999999999953,76.25000000000135,36.45000000000027,36.45000000000027,0,0,17,0,2,1,2,0.5399361022364217,,-0.02499999999999986
0.72,0.5,1.0,0,314,87.59999999999953,76.20000000000135,36.20000000000027,36.20000000000027,0,0,17,0,2,1,2,0.5414012738853503,,-0.02499999999999986
0.72,0.5,1.0,0,315,87.89999999999952,76.15000000000136,35.95000000000027,35.95000000000027,0,0,17,0,2,1,2,0.5428571428571428,,-0.02499999999999986
0.72,0.5,1.0,0,316,88.29999999999951,76.00000000000136,35.70000000000027,35.70000000000027,0,0,17,0,2,1,2,0.5443037974683544,,-0.029999999999999576
0.72,0.5,1.0,0,317,88.6999999999995,75.85000000000137,35.45000000000027,35.45000000000027,0,0,18,0,2,1,2,0.5457413249211357,,-0.04999999999999958
0.72,0.5,1.0,0,318,89.0999999999995,75.70000000000138,35.20000000000027,35.20000000000027,0,0,19,0,2,1,2,0.5471698113207547,,-0.04999999999999958
0.72,0.5,1.0,0,319,89.49999999999949,75.55000000000139,34.95000000000027,34.95000000000027,0,0,20,0,2,1,2,0.54858934169279,,-0.04999999999999958
0.72,0.5,1.0,0,320,89.89999999999948,75.4000000000014,34.70000000000027,34.70000000000027,0,0,21,0,2,1,2,0.55,,-0.04999999999999958
0.72,0.5,1.0,0,321,90.29999999999947,75.2500000000014,34.45000000000027,34.45000000000027,0,0,22,0,2,1,2,0.5514018691588785,,-0.04999999999999958
0.72,0.5,1.0,0,322,90.69999999999946,75.10000000000142,34.20000000000027,34.20000000000027,0,0,23,0,2,1,2,0.5527950310559007,,-0.04999999999999958
0.72,0.5,1.0,0,323,91.09999999999945,74.95000000000142,33.95000000000027,33.95000000000027,0,0,24,0,2,1,2,0.5541795665634675,,-0.04999999999999958
0.72,0.5,1.0,0,324,91.49999999999945,74.80000000000143,33.70000000000027,33.70000000000027,0,0,25,0,2,1,2,0.5555555555555556,,-0.04999999999999958
0.72,0.5,1.0,0,325,91.89999999999944,74.65000000000144,33.45000000000027,33.45000000000027,0,0,26,0,2,1,2,0.556923076923077,,-0.04999999999999958
0.72,0.5,1.0,0,326,92.29999999999943,74.50000000000145,33.20000000000027,33.20000000000027,0,0,27,0,2,1,2,0.558282208588957,,-0.04999999999999958
0.72,0.5,1.0,0,327,92.69999999999942,74.35000000000146,32.95000000000027,32.95000000000027,0,0,28,0,2,1,2,0.5596330275229358,,-0.04999999999999958
0.72,0.5,1.0,0,328,93.09999999999941,74.20000000000147,32.70000000000027,32.70000000000027,0,0,29,0,2,1,2,0.5609756097560976,,-0.04999999999999958
0.72,0.5,1.0,0,329,93.4999999999994,74.05000000000148,32.45000000000027,32.45000000000027,0,0,30,0,2,1,2,0.5623100303951368,,-0.04999999999999958
0.72,0.5,1.0,0,330,93.8999999999994,73.90000000000148,32.20000000000027,32.20000000000027,0,0,31,0,2,1,2,0.5636363636363636,,-0.04999999999999958
0.72,0.5,1.0,0,331,94.29999999999939,73.75000000000149,31.950000000000273,31.950000000000273,0,0,32,0,2,1,2,0.5649546827794562,,-0.04999999999999958
0.72,0.5,1.0,0,332,94.69999999999938,73.6000000000015,31.700000000000273,31.700000000000273,0,0,33,0,2,1,2,0.5662650602409639,,-0.04999999999999958
0.72,0.5,1.0,0,333,95.09999999999937,73.45000000000151,31.450000000000273,31.450000000000273,0,0,34,0,2,1,2,0.5675675675675675,,-0.04999999999999958
0.72,0.5,1.0,0,334,95.49999999999936,73.30000000000152,31.200000000000273,31.200000000000273,0,0,35,0,2,1,2,0.5688622754491018,,-0.04999999999999958
0.72,0.5,1.0,0,335,95.89999999999935,73.15000000000153,30.950000000000273,30.950000000000273,0,0,36,0,2,1,2,0.5701492537313433,,-0.04999999999999958
0.72,0.5,1.0,0,336,96.29999999999934,73.00000000000153,30.700000000000273,30.700000000000273,0,0,37,0,2,1,2,0.5714285714285714,,-0.04999999999999958
0.72,0.5,1.0,0,337,96.69999999999933,72.85000000000154,30.450000000000273,30.450000000000273,0,0,38,0,2,1,2,0.5727002967359051,,-0.04999999999999958
0.72,0.5,1.0,0,338,97.09999999999933,72.70000000000155,30.200000000000273,30.200000000000273,0,0,39,0,2,1,2,0.5739644970414202,,-0.04999999999999958
0.72,0.5,1.0,0,339,97.49999999999932,72.55000000000156,29.950000000000273,29.950000000000273,0,0,40,0,2,1,2,0.5752212389380531,,-0.04999999999999958
0.72,0.5,1.0,0,340,97.89999999999931,72.40000000000157,29.700000000000273,29.700000000000273,0,0,41,0,2,1,2,0.5764705882352941,,-0.04999999999999958
0.72,0.5,1.0,0,341,98.2999999999993,72.25000000000158,29.450000000000273,29.450000000000273,0,0,42,0,2,1,2,0.5777126099706745,,-0.04999999999999958
0.72,0.5,1.0,0,342,98.69999999999929,72.10000000000159,29.200000000000273,29.200000000000273,0,0,43,0,2,1,2,0.5789473684210527,,-0.04999999999999958
0.72,0.5,1.0,0,343,99.09999999999928,71.9500000000016,28.950000000000273,28.950000000000273,0,0,44,0,2,1,2,0.5801749271137027,,-0.04999999999999958
0.72,0.5,1.0,0,344,99.39999999999928,71.9000000000016,28.700000000000273,28.700000000000273,0,0,45,0,2,1,2,0.5813953488372093,,-0.04499999999999986
0.72,0.5,1.0,0,345,99.79999999999927,71.7500000000016,28.450000000000273,28.450000000000273,0,0,46,0,2,1,3,0.5826086956521739,,-0.04999999999999958
0.72,0.5,1.0,0,346,100.19999999999926,71.60000000000161,28.200000000000273,28.200000000000273,0,0,47,0,2,1,3,0.5838150289017341,,-0.04999999999999958
0.72,0.5,1.0,0,347,100.59999999999926,71.45000000000162,27.950000000000273,27.950000000000273,0,0,48,0,2,1,3,0.5850144092219021,,-0.04999999999999958
0.72,0.5,1.0,0,348,100.99999999999925,71.30000000000163,27.700000000000273,27.700000000000273,0,0,49,0,2,1,3,0.5862068965517241,,-0.04999999999999958
0.72,0.5,1.0,0,349,101.39999999999924,71.15000000000164,27.450000000000273,27.450000000000273,0,0,50,0,2,1,3,0.5873925501432665,,-0.04999999999999958
0.72,0.5,1.0,0,350,101.79999999999923,71.00000000000165,27.200000000000273,27.200000000000273,0,0,51,0,2,1,3,0.5885714285714285,,-0.04999999999999958
0.72,0.5,1.0,0,351,102.19999999999922,70.85000000000166,26.950000000000273,26.950000000000273,0,0,52,0,2,1,3,0.5897435897435898,,-0.04999999999999958
0.72,0.5,1.0,0,352,102.59999999999921,70.70000000000167,26.700000000000273,26.700000000000273,0,0,53,0,2,1,3,0.5909090909090909,,-0.04999999999999958
0.72,0.5,1.0,0,353,102.9999999999992,70.55000000000167,26.450000000000273,26.450000000000273,0,0,54,0,2,1,3,0.5920679886685553,,-0.04999999999999958
0.72,0.5,1.0,0,354,103.3999999999992,70.40000000000168,26.200000000000273,26.200000000000273,0,0,55,0,2,1,3,0.5932203389830508,,-0.04999999999999958
0.72,0.5,1.0,0,355,103.79999999999919,70.25000000000169,25.950000000000273,25.950000000000273,0,0,56,0,2,1,3,0.5943661971830986,,-0.04999999999999958
0.72,0.5,1.0,0,356,104.19999999999918,70.1000000000017,25.700000000000273,25.700000000000273,0,0,57,0,2,1,3,0.5955056179775281,,-0.04999999999999958
0.72,0.5,1.0,0,357,104.59999999999917,69.95000000000171,25.450000000000273,25.450000000000273,0,0,58,0,2,1,3,0.5966386554621849,,-0.04999999999999958
0.72,0.5,1.0,0,358,104.99999999999916,69.80000000000172,25.200000000000273,25.200000000000273,0,0,59,0,2,1,3,0.5977653631284916,,-0.04999999999999958
0.72,0.5,1.0,0,359,105.29999999999916,69.75000000000172,24.950000000000273,24.950000000000273,0,0,60,0,2,1,3,0.5988857938718662,,-0.04499999999999986
0.72,0.5,1.0,0,360,105.69999999999915,69.60000000000173,24.700000000000273,24.700000000000273,0,0,61,0,2,1,3,0.6,,-0.04999999999999958
0.72,0.5,1.0,0,361,106.09999999999914,69.45000000000174,24.450000000000273,24.450000000000273,0,0,62,0,2,1,3,0.6011080332409973,,-0.04999999999999958
0.72,0.5,1.0,0,362,106.49999999999913,69.30000000000175,24.200000000000273,24.200000000000273,0,0,63,0,2,1,3,0.6022099447513812,,-0.04999999999999958
0.72,0.5,1.0,0,363,106.89999999999912,69.15000000000175,23.950000000000273,23.950000000000273,0,0,64,0,2,1,3,0.6033057851239669,,-0.04999999999999958
0.72,0.5,1.0,0,364,107.29999999999912,69.00000000000176,23.700000000000273,23.700000000000273,0,0,65,0,2,1,3,0.6043956043956044,,-0.04999999999999958
0.72,0.5,1.0,0,365,107.69999999999911,68.85000000000177,23.450000000000273,23.450000000000273,0,0,66,0,2,1,3,0.6054794520547945,,-0.04999999999999958
0.72,0.5,1.0,0,366,108.0999999999991,68.70000000000178,23.200000000000273,23.200000000000273,0,0,67,0,2,1,3,0.6065573770491803,,-0.04999999999999958
0.72,0.5,1.0,0,367,108.49999999999909,68.55000000000179,22.950000000000273,22.950000000000273,0,0,68,0,2,1,3,0.6076294277929155,,-0.04999999999999958
0.72,0.5,1.0,0,368,108.89999999999908,68.4000000000018,22.700000000000273,22.700000000000273,0,0,69,0,2,1,3,0.6086956521739131,,-0.04999999999999958
0.72,0.5,1.0,0,369,109.19999999999908,68.3500000000018,22.450000000000273,22.450000000000273,0,0,70,0,2,1,3,0.6097560975609756,,-0.04499999999999986
0.72,0.5,1.0,0,370,109.49999999999908,68.3000000000018,22.200000000000273,22.200000000000273,0,0,70,0,2,1,3,0.6108108108108108,,-0.02499999999999986
0.72,0.5,1.0,0,371,109.89999999999907,68.15000000000181,21.950000000000273,21.950000000000273,0,0,70,0,2,1,3,0.6118598382749326,,-0.029999999999999576
0.72,0.5,1.0,0,372,110.29999999999906,68.00000000000182,21.700000000000273,21.700000000000273,0,0,70,0,2,1,3,0.6129032258064516,,-0.029999999999999576
0.72,0.5,1.0,0,373,110.69999999999905,67.85000000000183,21.450000000000273,21.450000000000273,0,0,70,0,2,1,3,0.613941018766756,,-0.029999999999999576
0.72,0.5,1.0,0,374,111.09999999999904,67.70000000000184,21.200000000000273,21.200000000000273,0,0,70,0,2,1,3,0.6149732620320856,,-0.029999999999999576
0.72,0.5,1.0,0,375,111.49999999999903,67.55000000000184,20.950000000000273,20.950000000000273,0,0,70,0,2,1,3,0.616,,-0.029999999999999576
0.72,0.5,1.0,0,376,111.89999999999903,67.40000000000185,20.700000000000273,20.700000000000273,0,0,70,0,2,1,3,0.6170212765957447,,-0.029999999999999576
0.72,0.5,1.0,0,377,112.19999999999902,67.35000000000186,20.450000000000273,20.450000000000273,0,0,70,0,2,1,3,0.6180371352785146,,-0.02499999999999986
0.72,0.5,1.0,0,378,112.59999999999901,67.20000000000186,20.200000000000273,20.200000000000273,0,0,70,0,2,1,3,0.6190476190476191,,-0.029999999999999576
0.72,0.5,1.0,0,379,112.999999999999,67.05000000000187,19.950000000000273,19.950000000000273,0,0,71,0,2,1,3,0.6200527704485488,,-0.04999999999999958
0.72,0.5,1.0,0,380,113.399999999999,66.90000000000188,19.700000000000273,19.700000000000273,0,0,72,0,2,1,3,0.6210526315789474,,-0.04999999999999958
0.72,0.5,1.0,0,381,113.79999999999899,66.75000000000189,19.450000000000273,19.450000000000273,0,0,73,0,2,1,3,0.6220472440944882,,-0.04999999999999958
0.72,0.5,1.0,0,382,114.19999999999898,66.6000000000019,19.200000000000273,19.200000000000273,0,0,74,0,2,1,3,0.6230366492146597,,-0.04999999999999958
0.72,0.5,1.0,0,383,114.59999999999897,66.4500000000019,18.950000000000273,18.950000000000273,0,0,75,0,2,1,3,0.6240208877284595,,-0.04999999999999958
0.72,0.5,1.0,0,384,114.99999999999896,66.30000000000192,18.700000000000273,18.700000000000273,0,0,76,0,2,1,3,0.625,,-0.04999999999999958
0.72,0.5,1.0,0,385,115.39999999999895,66.15000000000192,18.450000000000273,18.450000000000273,0,0,77,0,2,1,3,0.625974025974026,,-0.04999999999999958
0.72,0.5,1.0,0,386,115.79999999999895,66.00000000000193,18.200000000000273,18.200000000000273,0,0,78,0,2,1,3,0.6269430051813472,,-0.04999999999999958
0.72,0.5,1.0,0,387,116.19999999999894,65.85000000000194,17.950000000000273,17.950000000000273,0,0,79,0,2,1,3,0.627906976744186,,-0.04999999999999958
0.72,0.5,1.0,0,388,116.59999999999893,65.70000000000195,17.700000000000273,17.700000000000273,0,0,80,0,2,1,3,0.6288659793814433,,-0.04999999999999958
0.72,0.5,1.0,0,389,116.99999999999892,65.55000000000196,17.450000000000273,17.450000000000273,0,0,81,0,2,1,3,0.6298200514138818,,-0.04999999999999958
0.72,0.5,1.0,0,390,117.39999999999891,65.40000000000197,17.200000000000273,17.200000000000273,0,0,82,0,2,1,3,0.6307692307692307,,-0.04999999999999958
0.72,0.5,1.0,0,391,117.7999999999989,65.25000000000198,16.950000000000273,16.950000000000273,0,0,83,0,2,1,3,0.6317135549872123,,-0.04999999999999958
0.72,0.5,1.0,0,392,118.0999999999989,65.20000000000198,16.700000000000273,16.700000000000273,0,0,84,0,2,1,3,0.6326530612244898,,-0.04499999999999986
0.72,0.5,1.0,0,393,118.49999999999889,65.05000000000199,16.450000000000273,16.450000000000273,0,0,85,0,2,1,3,0.6335877862595419,,-0.04999999999999958
0.72,0.5,1.0,0,394,118.89999999999888,64.900000000002,16.200000000000273,16.200000000000273,0,0,86,0,2,1,3,0.6345177664974619,,-0.04999999999999958
0.72,0.5,1.0,0,395,119.29999999999887,64.750000000002,15.950000000000273,15.950000000000273,0,0,87,0,2,1,3,0.6354430379746835,,-0.04999999999999958
0.72,0.5,1.0,0,396,119.69999999999887,64.60000000000201,15.700000000000273,15.700000000000273,0,0,88,0,2,1,3,0.6363636363636364,,-0.04999999999999958
0.72,0.5,1.0,0,397,120.09999999999886,64.45000000000202,15.450000000000273,15.450000000000273,0,0,89,0,2,1,3,0.6372795969773299,,-0.04999999999999958
0.72,0.5,1.0,0,398,120.49999999999885,64.30000000000203,15.200000000000273,15.200000000000273,0,0,90,0,2,1,3,0.6381909547738693,,-0.04999999999999958
0.72,0.5,1.0,0,399,120.89999999999884,64.15000000000204,14.950000000000273,14.950000000000273,0,0,91,0,2,1,3,0.6390977443609023,,-0.04999999999999958
0.72,0.5,1.0,0,400,121.14999999999883,64.00000000000205,14.850000000000273,14.850000000000273,0,0,92,0,2,1,3,0.64,,-0.042499999999999295
0.72,0.5,1.0,0,401,121.39999999999881,63.85000000000205,14.750000000000274,14.750000000000274,0,0,93,0,2,1,3,0.6408977556109726,,-0.042499999999999295
0.72,0.5,1.0,0,402,121.6499999999988,63.70000000000205,14.650000000000274,14.650000000000274,0,0,94,0,2,1,3,0.6417910447761194,,-0.042499999999999295
0.72,0.5,1.0,0,403,121.89999999999878,63.55000000000205,14.550000000000274,14.550000000000274,0,0,95,0,2,1,3,0.6426799007444168,,-0.042499999999999295
0.72,0.5,1.0,0,404,122.14999999999877,63.40000000000205,14.450000000000275,14.450000000000275,0,0,96,0,2,1,3,0.6435643564356436,,-0.042499999999999295
0.72,0.5,1.0,0,405,122.39999999999876,63.25000000000205,14.350000000000275,14.350000000000275,0,0,97,0,2,1,3,0.6444444444444445,,-0.042499999999999295
0.72,0.5,1.0,0,406,122.64999999999874,63.100000000002055,14.250000000000275,14.250000000000275,0,0,98,0,2,1,3,0.645320197044335,,-0.042499999999999295
0.72,0.5,1.0,0,407,122.89999999999873,62.950000000002056,14.150000000000276,14.150000000000276,0,0,99,0,2,1,3,0.6461916461916462,,-0.042499999999999295
0.72,0.5,1.0,0,408,123.14999999999871,62.80000000000206,14.050000000000276,14.050000000000276,0,0,100,0,2,1,3,0.6470588235294118,,-0.042499999999999295
0.72,0.5,1.0,0,409,123.3999999999987,62.65000000000206,13.950000000000276,13.950000000000276,0,0,101,0,2,1,3,0.6479217603911981,,-0.042499999999999295
0.7225,0.5,1.0,0,410,123.64999999999868,62.50000000000206,13.850000000000277,13.850000000000277,0,0,102,0,2,1,3,0.6475609756097561,,0.05750000000000071
0.7225,0.5,1.0,0,411,123.89999999999867,62.35000000000206,13.750000000000277,13.750000000000277,0,0,103,0,2,1,3,0.648418491484185,,-0.042499999999999295
0.7225,0.5,1.0,0,412,124.14999999999866,62.20000000000206,13.650000000000277,13.650000000000277,0,0,103,0,2,1,3,0.6492718446601942,,-0.02249999999999929
0.7225,0.5,1.0,0,413,124.39999999999864,62.050000000002065,13.550000000000278,13.550000000000278,0,0,103,0,2,1,3,0.6501210653753027,,-0.02249999999999929
0.7225,0.5,1.0,0,414,124.64999999999863,61.900000000002066,13.450000000000278,13.450000000000278,0,0,103,0,2,1,3,0.6509661835748792,,-0.02249999999999929
0.7225,0.5,1.0,0,415,124.89999999999861,61.75000000000207,13.350000000000279,13.350000000000279,0,0,104,0,2,1,3,0.6518072289156627,,-0.042499999999999295
0.7225,0.5,1.0,0,416,125.1499999999986,61.60000000000207,13.250000000000279,13.250000000000279,0,0,105,0,2,1,3,0.6526442307692307,,-0.042499999999999295
0.7225,0.5,1.0,0,417,125.39999999999858,61.45000000000207,13.15000000000028,13.15000000000028,0,0,106,0,2,1,3,0.6534772182254197,,-0.042499999999999295
0.7225,0.5,1.0,0,418,125.64999999999857,61.30000000000207,13.05000000000028,13.05000000000028,0,0,106,0,2,1,3,0.6543062200956937,,-0.02249999999999929
0.7225,0.5,1.0,0,419,125.89999999999856,61.15000000000207,12.95000000000028,12.95000000000028,0,0,106,0,2,1,3,0.6551312649164678,,-0.02249999999999929
0.7225,0.5,1.0,0,420,126.14999999999854,61.000000000002075,12.85000000000028,12.85000000000028,0,0,106,0,2,1,3,0.655952380952381,,-0.02249999999999929
0.7225,0.5,1.0,0,421,126.39999999999853,60.850000000002076,12.75000000000028,12.75000000000028,0,0,107,0,2,1,3,0.6567695961995249,,-0.042499999999999295
0.7225,0.5,1.0,0,422,126.64999999999851,60.70000000000208,12.650000000000281,12.650000000000281,0,0,108,0,2,1,3,0.6575829383886256,,-0.042499999999999295
0.7225,0.5,1.0,0,423,126.8999999999985,60.55000000000208,12.550000000000281,12.550000000000281,0,0,109,0,2,1,3,0.6583924349881797,,-0.042499999999999295
0.7225,0.5,1.0,0,424,127.14999999999849,60.40000000000208,12.450000000000282,12.450000000000282,0,0,110,0,2,1,3,0.6591981132075472,,-0.042499999999999295
0.7225,0.5,1.0,0,425,127.39999999999847,60.25000000000208,12.350000000000282,12.350000000000282,0,0,111,0,2,1,3,0.66,,-0.042499999999999295
0.7225,0.5,1.0,0,426,127.64999999999846,60.10000000000208,12.250000000000282,12.250000000000282,0,0,112,0,2,1,3,0.6607981220657277,,-0.042499999999999295
0.7225,0.5,1.0,0,427,127.89999999999844,59.950000000002085,12.150000000000283,12.150000000000283,0,0,113,0,2,1,3,0.6615925058548009,,-0.042499999999999295
0.7225,0.5,1.0,0,428,128.14999999999844,59.800000000002086,12.050000000000283,12.050000000000283,0,0,114,0,2,1,3,0.6623831775700935,,-0.0425
0.7225,0.5,1.0,0,429,128.39999999999844,59.65000000000209,11.950000000000284,11.950000000000284,0,0,115,0,2,1,3,0.6631701631701632,,-0.0425
0.7225,0.5,1.0,0,430,128.64999999999844,59.50000000000209,11.850000000000284,11.850000000000284,0,0,116,0,2,1,3,0.663953488372093,,-0.0425
0.7225,0.5,1.0,0,431,128.89999999999844,59.35000000000209,11.750000000000284,11.750000000000284,0,0,117,0,2,1,3,0.6647331786542924,,-0.0425
0.7225,0.5,1.0,0,432,129.14999999999844,59.20000000000209,11.650000000000285,11.650000000000285,0,0,118,0,2,1,3,0.6655092592592593,,-0.0425
0.7225,0.5,1.0,0,433,129.39999999999844,59.05000000000209,11.550000000000285,11.550000000000285,0,0,119,0,2,1,3,0.6662817551963048,,-0.0425
0.7225,0.5,1.0,0,434,129.64999999999844,58.900000000002095,11.450000000000285,11.450000000000285,0,0,120,0,2,1,3,0.6670506912442397,,-0.0425
0.7225,0.5,1.0,0,435,129.89999999999844,58.750000000002096,11.350000000000286,11.350000000000286,0,0,121,0,2,1,3,0.667816091954023,,-0.0425
0.7225,0.5,1.0,0,436,130.14999999999844,58.6000000000021,11.250000000000286,11.250000000000286,0,0,122,0,2,1,3,0.6685779816513762,,-0.0425
0.7225,0.5,1.0,0,437,130.39999999999844,58.4500000000021,11.150000000000286,11.150000000000286,0,0,123,0,2,1,3,0.6693363844393593,,-0.0425
0.7225,0.5,1.0,0,438,130.64999999999844,58.3000000000021,11.050000000000287,11.050000000000287,0,0,124,0,2,1,3,0.6700913242009132,,-0.0425
0.7225,0.5,1.0,0,439,130.89999999999844,58.1500000000021,10.950000000000287,10.950000000000287,0,0,125,0,2,1,3,0.6708428246013668,,-0.0425
0.7225,0.5,1.0,0,440,131.14999999999844,58.0000000000021,10.850000000000287,10.850000000000287,0,0,126,0,2,1,3,0.6715909090909091,,-0.0425
0.7225,0.5,1.0,0,441,131.39999999999844,57.850000000002105,10.750000000000288,10.750000000000288,0,0,127,0,2,1,3,0.6723356009070295,,-0.0425
0.7225,0.5,1.0,0,442,131.64999999999844,57.700000000002106,10.650000000000288,10.650000000000288,0,0,128,0,2,1,3,0.6730769230769231,,-0.0425
0.7225,0.5,1.0,0,443,131.89999999999844,57.55000000000211,10.550000000000288,10.550000000000288,0,0,129,0,2,1,3,0.6738148984198645,,-0.0425
0.7225,0.5,1.0,0,444,132.14999999999844,57.40000000000211,10.450000000000289,10.450000000000289,0,0,130,0,2,1,3,0.6745495495495496,,-0.0425
0.7225,0.5,1.0,0,445,132.39999999999844,57.25000000000211,10.35000000000029,10.35000000000029,0,0,131,0,2,1,3,0.6752808988764045,,-0.0425
0.7225,0.5,1.0,0,446,132.64999999999844,57.10000000000211,10.25000000000029,10.25000000000029,0,0,132,0,2,1,3,0.6760089686098655,,-0.0425
0.7225,0.5,1.0,0,447,132.89999999999844,56.95000000000211,10.15000000000029,10.15000000000029,0,0,133,0,2,1,3,0.6767337807606264,,-0.0425
0.7225,0.5,1.0,0,448,133.14999999999844,56.800000000002115,10.05000000000029,10.05000000000029,0,0,134,0,2,1,3,0.6774553571428571,,-0.0425
0.7225,0.5,1.0,0,449,133.39999999999844,56.650000000002116,9.95000000000029,9.95000000000029,0,0,135,0,2,1,3,0.678173719376392,,-0.0425
0.7225,0.5,1.0,0,450,133.64999999999844,56.50000000000212,9.850000000000291,9.850000000000291,0,0,136,0,2,1,3,0.6788888888888889,,-0.0425
0.7225,0.5,1.0,0,451,133.89999999999844,56.35000000000212,9.750000000000291,9.750000000000291,0,0,137,0,2,1,3,0.6796008869179601,,-0.0425
0.7225,0.5,1.0,0,452,134.14999999999844,56.20000000000212,9.650000000000292,9.650000000000292,0,0,138,0,2,1,3,0.6803097345132744,,-0.0425
0.7225,0.5,1.0,0,453,134.39999999999844,56.05000000000212,9.550000000000292,9.550000000000292,0,0,139,0,2,1,3,0.6810154525386314,,-0.0425
0.7225,0.5,1.0,0,454,134.64999999999844,55.90000000000212,9.450000000000292,9.450000000000292,0,0,140,0,2,1,3,0.6817180616740088,,-0.0425
0.7225,0.5,1.0,0,455,134.89999999999844,55.750000000002125,9.350000000000293,9.350000000000293,0,0,141,0,2,1,3,0.6824175824175824,,-0.0425
0.7225,0.5,1.0,0,456,135.14999999999844,55.600000000002126,9.250000000000293,9.250000000000293,0,0,142,0,2,1,3,0.6831140350877193,,-0.0425
0.7225,0.5,1.0,0,457,135.39999999999844,55.45000000000213,9.150000000000293,9.150000000000293,0,0,143,0,2,1,3,0.6838074398249453,,-0.0425
0.7225,0.5,1.0,0,458,135.64999999999844,55.30000000000213,9.050000000000294,9.050000000000294,0,0,144,0,2,1,3,0.6844978165938864,,-0.0425
0.7225,0.5,1.0,0,459,135.89999999999844,55.15000000000213,8.950000000000294,8.950000000000294,0,0,145,0,2,1,3,0.6851851851851852,,-0.0425
0.7225,0.5,1.0,0,460,136.14999999999844,55.00000000000213,8.850000000000295,8.850000000000295,0,0,146,0,2,1,3,0.6858695652173913,,-0.0425
0.7225,0.5,1.0,0,461,136.39999999999844,54.85000000000213,8.750000000000295,8.750000000000295,0,0,147,0,2,1,3,0.6865509761388287,,-0.0425
0.7225,0.5,1.0,0,462,136.64999999999844,54.700000000002134,8.650000000000295,8.650000000000295,0,0,148,0,2,1,3,0.6872294372294372,,-0.0425
0.7225,0.5,1.0,0,463,136.89999999999844,54.550000000002136,8.550000000000296,8.550000000000296,0,0,149,0,2,1,3,0.6879049676025918,,-0.0425
0.7225,0.5,1.0,0,464,137.14999999999844,54.40000000000214,8.450000000000296,8.450000000000296,0,0,150,0,2,1,3,0.6885775862068966,,-0.0425
0.7225,0.5,1.0,0,465,137.39999999999844,54.25000000000214,8.350000000000296,8.350000000000296,0,0,151,0,2,1,3,0.689247311827957,,-0.0425
0.7225,0.5,1.0,0,466,137.64999999999844,54.10000000000214,8.250000000000297,8.250000000000297,0,0,152,0,2,1,3,0.6899141630901288,,-0.0425
0.7225,0.5,1.0,0,467,137.89999999999844,53.95000000000214,8.150000000000297,8.150000000000297,0,0,153,0,2,1,3,0.6905781584582441,,-0.0425
0.7225,0.5,1.0,0,468,138.14999999999844,53.80000000000214,8.050000000000297,8.050000000000297,0,0,154,0,2,1,3,0.6912393162393162,,-0.0425
0.7225,0.5,1.0,0,469,138.39999999999844,53.650000000002144,7.950000000000298,7.950000000000298,0,0,155,0,2,1,3,0.6918976545842217,,-0.0425
0.7225,0.5,1.0,0,470,138.64999999999844,53.500000000002146,7.850000000000298,7.850000000000298,0,0,156,0,2,1,3,0.6925531914893617,,-0.0425
0.7225,0.5,1.0,0,471,138.89999999999844,53.35000000000215,7.750000000000298,7.750000000000298,0,0,157,0,2,1,3,0.6932059447983014,,-0.0425
0.7225,0.5,1.0,0,472,139.14999999999844,53.20000000000215,7.650000000000299,7.650000000000299,0,0,158,0,2,1,3,0.6938559322033898,,-0.0425
0.7225,0.5,1.0,0,473,139.39999999999844,53.05000000000215,7.550000000000299,7.550000000000299,0,0,159,0,2,1,3,0.6945031712473573,,-0.0425
0.7225,0.5,1.0,0,474,139.64999999999844,52.90000000000215,7.4500000000002995,7.4500000000002995,0,0,160,0,2,1,3,0.6951476793248945,,-0.0425
0.7225,0.5,1.0,0,475,139.89999999999844,52.75000000000215,7.3500000000003,7.3500000000003,0,0,161,0,2,1,3,0.6957894736842105,,-0.0425
0.7225,0.5,1.0,0,476,140.14999999999844,52.600000000002154,7.2500000000003,7.2500000000003,0,0,162,0,2,1,3,0.6964285714285714,,-0.0425
0.7225,0.5,1.0,0,477,140.39999999999844,52.450000000002156,7.150000000000301,7.150000000000301,0,0,163,0,2,1,3,0.6970649895178197,,-0.0425
0.7225,0.5,1.0,0,478,140.64999999999844,52.30000000000216,7.050000000000301,7.050000000000301,0,0,164,0,2,1,3,0.6976987447698745,,-0.0425
0.7225,0.5,1.0,0,479,140.89999999999844,52.15000000000216,6.950000000000301,6.950000000000301,0,0,165,0,2,1,3,0.6983298538622129,,-0.0425
0.7225,0.5,1.0,0,480,141.14999999999844,52.00000000000216,6.850000000000302,6.850000000000302,0,0,166,0,2,1,3,0.6989583333333333,,-0.0425
0.7225,0.5,1.0,0,481,141.39999999999844,51.85000000000216,6.750000000000302,6.750000000000302,0,0,167,0,2,1,3,0.6995841995841996,,-0.0425
0.7225,0.5,1.0,0,482,141.64999999999844,51.70000000000216,6.650000000000302,6.650000000000302,0,0,168,0,2,1,3,0.700207468879668,,-0.0425
0.7225,0.5,1.0,0,483,141.89999999999844,51.550000000002164,6.550000000000303,6.550000000000303,0,0,169,0,2,1,3,0.7008281573498965,,-0.0425
0.7225,0.5,1.0,0,484,142.14999999999844,51.400000000002166,6.450000000000303,6.450000000000303,0,0,170,0,2,1,3,0.7014462809917356,,-0.0425
0.7225,0.5,1.0,0,485,142.39999999999844,51.25000000000217,6.350000000000303,6.350000000000303,0,0,171,0,2,1,3,0.702061855670103,,-0.0425
0.7225,0.5,1.0,0,486,142.64999999999844,51.10000000000217,6.250000000000304,6.250000000000304,0,0,172,0,2,1,3,0.7026748971193416,,-0.0425
0.7225,0.5,1.0,0,487,142.89999999999844,50.95000000000217,6.150000000000304,6.150000000000304,0,0,173,0,2,1,3,0.7032854209445585,,-0.0425
0.7225,0.5,1.0,0,488,143.14999999999844,50.80000000000217,6.0500000000003045,6.0500000000003045,0,0,174,0,2,1,3,0.7038934426229508,,-0.0425
0.7225,0.5,1.0,0,489,143.39999999999844,50.65000000000217,5.950000000000305,5.950000000000305,0,0,175,0,2,1,3,0.7044989775051125,,-0.0425
0.7225,0.5,1.0,0,490,143.64999999999844,50.500000000002174,5.850000000000305,5.850000000000305,0,0,176,0,2,1,3,0.7051020408163265,,-0.0425
0.7225,0.5,1.0,0,491,143.89999999999844,50.350000000002176,5.7500000000003055,5.7500000000003055,0,0,177,0,2,1,3,0.7057026476578412,,-0.0425
0.7225,0.5,1.0,0,492,144.14999999999844,50.20000000000218,5.650000000000306,5.650000000000306,0,0,178,0,2,1,3,0.7063008130081301,,-0.0425
0.7225,0.5,1.0,0,493,144.29999999999845,50.15000000000218,5.550000000000306,5.550000000000306,0,0,179,0,2,1,3,0.7068965517241379,,-0.03750000000000028
0.7225,0.5,1.0,0,494,144.54999999999845,50.00000000000218,5.450000000000307,5.450000000000307,0,0,180,0,2,1,3,0.7074898785425101,,-0.0425
0.7225,0.5,1.0,0,495,144.79999999999845,49.85000000000218,5.350000000000307,5.350000000000307,0,0,181,0,2,1,3,0.7080808080808081,,-0.0425
0.7225,0.5,1.0,0,496,145.04999999999845,49.700000000002184,5.250000000000307,5.250000000000307,0,0,182,0,2,1,3,0.7086693548387096,,-0.0425
0.7225,0.5,1.0,0,497,145.29999999999845,49.550000000002186,5.150000000000308,5.150000000000308,0,0,183,0,2,1,3,0.7092555331991952,,-0.0425
0.7225,0.5,1.0,0,498,145.54999999999845,49.40000000000219,5.050000000000308,5.050000000000308,0,0,184,0,2,1,3,0.7098393574297188,,-0.0425
0.7225,0.5,1.0,0,499,145.79999999999845,49.25000000000219,4.950000000000308,4.950000000000308,0,0,185,0,2,1,3,0.7104208416833667,,-0.0425
0.7225,0.5,1.0,0,500,146.04999999999845,49.10000000000219,4.850000000000309,4.850000000000309,0,0,186,0,2,1,3,0.711,,-0.0425
0.7225,0.5,1.0,0,501,146.29999999999845,48.95000000000219,4.750000000000309,4.750000000000309,0,0,187,0,2,1,3,0.7115768463073853,,-0.0425
0.7225,0.5,1.0,0,502,146.54999999999845,48.80000000000219,4.650000000000309,4.650000000000309,0,0,188,0,2,1,3,0.7121513944223108,,-0.0425
0.7225,0.5,1.0,0,503,146.79999999999845,48.650000000002194,4.55000000000031,4.55000000000031,0,0,189,0,2,1,3,0.7127236580516899,,-0.0425
0.7225,0.5,1.0,0,504,147.04999999999845,48.500000000002196,4.45000000000031,4.45000000000031,0,0,190,0,2,1,3,0.7132936507936508,,-0.0425
0.7225,0.5,1.0,0,505,147.19999999999845,48.4500000000022,4.3500000000003105,4.3500000000003105,0,0,191,0,2,1,3,0.7138613861386138,,-0.03750000000000028
0.7225,0.5,1.0,0,506,147.44999999999845,48.3000000000022,4.250000000000311,4.250000000000311,0,0,192,0,2,1,3,0.7144268774703557,,-0.0425
0.7225,0.5,1.0,0,507,147.69999999999845,48.1500000000022,4.150000000000311,4.150000000000311,0,0,193,0,2,1,3,0.7149901380670611,,-0.0425
0.7225,0.5,1.0,0,508,147.94999999999845,48.0000000000022,4.050000000000312,4.050000000000312,0,0,194,0,2,1,3,0.7155511811023622,,-0.0425
0.7225,0.5,1.0,0,509,148.19999999999845,47.850000000002204,3.9500000000003115,3.9500000000003115,0,0,195,0,2,1,3,0.7161100196463654,,-0.0425
0.7225,0.5,1.0,0,510,148.44999999999845,47.700000000002206,3.8500000000003114,3.8500000000003114,0,0,196,0,2,1,3,0.7166666666666667,,-0.0425
0.7225,0.5,1.0,0,511,148.69999999999845,47.55000000000221,3.7500000000003113,3.7500000000003113,0,0,197,0,2,1,3,0.7172211350293543,,-0.0425
0.7225,0.5,1.0,0,512,148.94999999999845,47.40000000000221,3.650000000000311,3.650000000000311,0,0,198,0,2,1,3,0.7177734375,,-0.0425
0.7225,0.5,1.0,0,513,149.19999999999845,47.25000000000221,3.550000000000311,3.550000000000311,0,0,199,0,2,1,3,0.7183235867446394,,-0.0425
0.7225,0.5,1.0,0,514,149.44999999999845,47.10000000000221,3.450000000000311,3.450000000000311,0,0,200,0,2,1,3,0.7188715953307393,,-0.0425
0.7225,0.5,1.0,0,515,149.69999999999845,46.95000000000221,3.350000000000311,3.350000000000311,0,0,201,0,2,1,3,0.7194174757281553,,-0.0425
0.7225,0.5,1.0,0,516,149.94999999999845,46.800000000002214,3.250000000000311,3.250000000000311,0,0,202,0,2,1,3,0.7199612403100775,,-0.0425
0.7225,0.5,1.0,0,517,150.19999999999845,46.650000000002215,3.1500000000003108,3.1500000000003108,0,0,203,0,2,1,3,0.7205029013539652,,-0.0425
0.7225,0.5,1.0,0,518,150.44999999999845,46.50000000000222,3.0500000000003107,3.0500000000003107,0,0,204,0,2,1,3,0.721042471042471,,-0.0425
0.7225,0.5,1.0,0,519,150.69999999999845,46.35000000000222,2.9500000000003106,2.9500000000003106,0,0,205,0,2,1,3,0.7215799614643545,,-0.0425
0.7225,0.5,1.0,0,520,150.94999999999845,46.20000000000222,2.8500000000003105,2.8500000000003105,0,0,206,0,2,1,3,0.7221153846153846,,-0.0425
0.7225,0.5,1.0,0,521,151.09999999999846,46.15000000000222,2.7500000000003104,2.7500000000003104,0,0,207,0,2,1,3,0.7226487523992322,,-0.03750000000000028
0.7225,0.5,1.0,0,522,151.34999999999846,46.000000000002224,2.6500000000003103,2.6500000000003103,0,0,208,0,2,1,3,0.7231800766283525,,-0.0425
0.7225,0.5,1.0,0,523,151.59999999999846,45.850000000002225,2.5500000000003102,2.5500000000003102,0,0,209,0,2,1,3,0.7237093690248566,,-0.0425
0.7225,0.5,1.0,0,524,151.84999999999846,45.70000000000223,2.45000000000031,2.45000000000031,0,0,210,0,2,1,3,0.7242366412213741,,-0.0425
0.7225,0.5,1.0,0,525,152.09999999999846,45.55000000000223,2.35000000000031,2.35000000000031,0,0,211,0,2,1,3,0.7247619047619047,,-0.0425
0.7225,0.5,1.0,0,526,152.34999999999846,45.40000000000223,2.25000000000031,2.25000000000031,0,0,212,0,2,1,3,0.7252851711026616,,-0.0425
0.7225,0.5,1.0,0,527,152.59999999999846,45.25000000000223,2.15000000000031,2.15000000000031,0,0,213,0,2,1,3,0.7258064516129032,,-0.0425
0.7225,0.5,1.0,0,528,152.84999999999846,45.10000000000223,2.05000000000031,2.05000000000031,0,0,214,0,2,1,3,0.7263257575757576,,-0.0425
0.7225,0.5,1.0,0,529,153.09999999999846,44.950000000002234,1.9500000000003097,1.9500000000003097,0,0,215,0,2,1,3,0.7268431001890359,,-0.0425
0.7225,0.5,1.0,0,530,153.34999999999846,44.800000000002235,1.8500000000003096,1.8500000000003096,0,0,216,0,2,1,3,0.7273584905660377,,-0.0425
0.7225,0.5,1.0,0,531,153.59999999999846,44.65000000000224,1.7500000000003095,1.7500000000003095,0,0,217,0,2,1,3,0.7278719397363466,,-0.0425
0.7225,0.5,1.0,0,532,153.84999999999846,44.50000000000224,1.6500000000003094,1.6500000000003094,0,0,218,0,2,1,3,0.7283834586466166,,-0.0425
0.7225,0.5,1.0,0,533,154.09999999999846,44.35000000000224,1.5500000000003094,1.5500000000003094,0,0,219,0,2,1,3,0.7288930581613509,,-0.0425
0.7225,0.5,1.0,0,534,154.34999999999846,44.20000000000224,1.4500000000003093,1.4500000000003093,0,0,220,0,2,1,3,0.7294007490636704,,-0.0425
0.7225,0.5,1.0,0,535,154.59999999999846,44.05000000000224,1.3500000000003092,1.3500000000003092,0,0,221,0,2,1,3,0.7299065420560747,,-0.0425
0.7225,0.5,1.0,0,536,154.84999999999846,43.900000000002244,1.250000000000309,1.250000000000309,0,0,222,0,2,1,3,0.730410447761194,,-0.0425
0.7225,0.5,1.0,0,537,155.09999999999846,43.750000000002245,1.150000000000309,1.150000000000309,0,0,223,0,2,1,3,0.7309124767225326,,-0.0425
0.7225,0.5,1.0,0,538,155.34999999999846,43.60000000000225,1.050000000000309,1.050000000000309,0,0,224,0,2,1,3,0.7314126394052045,,-0.0425
0.7225,0.5,1.0,0,539,155.59999999999846,43.45000000000225,0.9500000000003089,0.9500000000003089,0,0,225,0,2,1,3,0.7319109461966605,,-0.0425
0.7225,0.5,1.0,0,540,155.84999999999846,43.30000000000225,0.850000000000309,0.850000000000309,0,0,226,0,2,1,3,0.7324074074074074,,-0.0425
0.7225,0.5,1.0,0,541,156.09999999999846,43.15000000000225,0.750000000000309,0.750000000000309,0,0,227,0,2,1,3,0.732902033271719,,-0.0425
0.7225,0.5,1.0,0,542,156.34999999999846,43.00000000000225,0.650000000000309,0.650000000000309,0,0,228,0,2,1,3,0.7333948339483395,,-0.0425
0.7225,0.5,1.0,0,543,156.59999999999846,42.850000000002254,0.550000000000309,0.550000000000309,0,0,229,0,2,1,3,0.7338858195211786,,-0.0425
0.7225,0.5,1.0,0,544,156.84999999999846,42.700000000002255,0.45000000000030904,0.45000000000030904,0,0,230,0,2,1,3,0.734375,,-0.0425
0.7225,0.5,1.0,0,545,157.09999999999846,42.55000000000226,0.35000000000030906,0.35000000000030906,0,0,231,0,2,1,3,0.7348623853211009,,-0.0425
0.7225,0.5,1.0,0,546,157.34999999999846,42.40000000000226,0.2500000000003091,0.2500000000003091,0,0,232,0,2,1,3,0.7353479853479854,,-0.0425
0.7225,0.5,1.0,0,547,157.59999999999846,42.25000000000226,0.15000000000030908,0.15000000000030908,0,0,233,0,2,1,3,0.7358318098720292,,-0.0425
0.7225,0.5,1.0,0,548,157.84999999999846,42.10000000000226,0.050000000000309075,0.050000000000309075,0,0,234,0,2,1,3,0.7363138686131386,,-0.0425
0.7225,0.5,1.0,0,549,158.04999999999876,41.95000000000226,0.0,0.0,0,0,235,0,2,1,3,0.7367941712204007,,-0.040000000000015065
0.7225,0.5,1.0,0,550,158.19999999999877,41.800000000002264,0.0,0.0,0,0,236,0,2,1,3,0.7372727272727273,,-0.03750000000000028
0.7225,0.5,1.0,0,551,158.34999999999877,41.650000000002265,0.0,0.0,0,0,237,0,2,1,3,0.7377495462794919,,-0.03750000000000028
0.7225,0.5,1.0,0,552,158.49999999999878,41.50000000000227,0.0,0.0,0,0,238,0,2,1,3,0.7382246376811594,,-0.03750000000000028
0.7225,0.5,1.0,0,553,158.64999999999878,41.35000000000227,0.0,0.0,0,0,239,0,2,1,3,0.7386980108499096,,-0.03750000000000028
0.7225,0.5,1.0,0,554,158.7999999999988,41.20000000000227,0.0,0.0,0,0,240,0,2,1,3,0.7391696750902527,,-0.03750000000000028
0.7225,0.5,1.0,0,555,158.9499999999988,41.05000000000227,0.0,0.0,0,0,241,0,2,1,3,0.7396396396396396,,-0.03750000000000028
0.7225,0.5,1.0,0,556,159.0999999999988,40.90000000000227,0.0,0.0,0,0,242,0,2,1,3,0.7401079136690647,,-0.03750000000000028
0.7225,0.5,1.0,0,557,159.2499999999988,40.750000000002274,0.0,0.0,0,0,243,0,2,1,3,0.7405745062836625,,-0.03750000000000028
0.7225,0.5,1.0,0,558,159.3999999999988,40.600000000002275,0.0,0.0,0,0,244,0,2,1,3,0.7410394265232975,,-0.03750000000000028
0.7225,0.5,1.0,0,559,159.54999999999882,40.45000000000228,0.0,0.0,0,0,245,0,2,1,3,0.7415026833631485,,-0.03750000000000028
0.7225,0.5,1.0,0,560,159.69999999999882,40.30000000000228,0.0,0.0,0,0,246,0,2,1,3,0.7419642857142857,,-0.03750000000000028
0.7225,0.5,1.0,0,561,159.84999999999883,40.15000000000228,0.0,0.0,0,0,247,0,2,1,3,0.7424242424242424,,-0.03750000000000028
0.7225,0.5,1.0,0,562,159.99999999999883,40.00000000000228,0.0,0.0,0,0,248,0,2,1,3,0.7428825622775801,,-0.03750000000000028
0.7225,0.5,1.0,0,563,160.14999999999884,39.85000000000228,0.0,0.0,0,0,249,0,2,1,3,0.7433392539964476,,-0.03750000000000028
0.7225,0.5,1.0,0,564,160.29999999999885,39.700000000002284,0.0,0.0,0,0,250,0,2,1,3,0.7437943262411347,,-0.03750000000000028
0.7225,0.5,1.0,0,565,160.44999999999885,39.550000000002285,0.0,0.0,0,0,251,0,2,1,3,0.7442477876106195,,-0.03750000000000028
0.7225,0.5,1.0,0,566,160.59999999999886,39.40000000000229,0.0,0.0,0,0,252,0,2,1,3,0.7446996466431095,,-0.03750000000000028
0.7225,0.5,1.0,0,567,160.74999999999886,39.25000000000229,0.0,0.0,0,0,253,0,2,1,3,0.7451499118165785,,-0.03750000000000028
0.7225,0.5,1.0,0,568,160.89999999999887,39.10000000000229,0.0,0.0,0,0,254,0,2,1,3,0.7455985915492958,,-0.03750000000000028
0.7225,0.5,1.0,0,569,161.04999999999887,38.95000000000229,0.0,0.0,0,0,255,0,2,1,3,0.7460456942003515,,-0.03750000000000028
0.7225,0.5,1.0,0,570,161.19999999999888,38.80000000000229,0.0,0.0,0,0,256,0,2,1,3,0.7464912280701754,,-0.03750000000000028
0.7225,0.5,1.0,0,571,161.3499999999989,38.650000000002294,0.0,0.0,0,0,257,0,2,1,3,0.7469352014010507,,-0.03750000000000028
0.7225,0.5,1.0,0,572,161.3999999999989,38.6000000000023,0.0,0.0,0,0,258,0,2,1,3,0.7473776223776224,,-0.03250000000000057
0.7225,0.5,1.0,0,573,161.5499999999989,38.4500000000023,0.0,0.0,0,0,259,0,2,1,3,0.7478184991273996,,-0.03750000000000028
0.7225,0.5,1.0,0,574,161.6999999999989,38.3000000000023,0.0,0.0,0,0,260,0,2,1,3,0.7482578397212544,,-0.03750000000000028
0.7225,0.5,1.0,0,575,161.84999999999891,38.1500000000023,0.0,0.0,0,0,261,0,2,1,3,0.7486956521739131,,-0.03750000000000028
0.7225,0.5,1.0,0,576,161.99999999999892,38.0000000000023,0.0,0.0,0,0,262,0,2,1,3,0.7491319444444444,,-0.03750000000000028
0.7225,0.5,1.0,0,577,162.14999999999893,37.850000000002304,0.0,0.0,0,0,263,0,2,1,3,0.7495667244367418,,-0.03750000000000028
0.7225,0.5,1.0,0,578,162.29999999999893,37.700000000002305,0.0,0.0,0,0,264,0,2,1,3,0.75,,-0.03750000000000028
0.7225,0.5,1.0,0,579,162.44999999999894,37.550000000002306,0.0,0.0,0,0,265,0,2,1,3,0.7504317789291882,,-0.03750000000000028
0.7225,0.5,1.0,0,580,162.49999999999895,37.50000000000231,0.0,0.0,0,0,266,0,2,1,3,0.7508620689655172,,-0.03250000000000057
0.7225,0.5,1.0,0,581,162.64999999999895,37.35000000000231,0.0,0.0,0,0,267,0,2,1,3,0.7512908777969018,,-0.03750000000000028
0.7225,0.5,1.0,0,582,162.79999999999896,37.20000000000231,0.0,0.0,0,0,268,0,2,1,3,0.7517182130584192,,-0.03750000000000028
0.7225,0.5,1.0,0,583,162.94999999999897,37.05000000000231,0.0,0.0,0,0,269,0,2,1,3,0.7521440823327615,,-0.03750000000000028
0.7225,0.5,1.0,0,584,163.09999999999897,36.900000000002315,0.0,0.0,0,0,270,0,2,1,3,0.752568493150685,,-0.03750000000000028
0.7225,0.5,1.0,0,585,163.24999999999898,36.750000000002316,0.0,0.0,0,0,271,0,2,1,3,0.752991452991453,,-0.03750000000000028
0.7225,0.5,1.0,0,586,163.39999999999898,36.60000000000232,0.0,0.0,0,0,272,0,2,1,3,0.7534129692832765,,-0.03750000000000028
0.7225,0.5,1.0,0,587,163.549999999999,36.45000000000232,0.0,0.0,0,0,273,0,2,1,3,0.7538330494037478,,-0.03750000000000028
0.7225,0.5,1.0,0,588,163.699999999999,36.30000000000232,0.0,0.0,0,0,274,0,2,1,3,0.7542517006802721,,-0.03750000000000028
0.7225,0.5,1.0,0,589,163.849999999999,36.15000000000232,0.0,0.0,0,0,275,0,2,1,3,0.7546689303904923,,-0.03750000000000028
0.7225,0.5,1.0,0,590,163.999999999999,36.00000000000232,0.0,0.0,0,0,276,0,2,1,3,0.7550847457627119,,-0.03750000000000028
0.7225,0.5,1.0,0,591,164.149999999999,35.850000000002325,0.0,0.0,0,0,277,0,2,1,3,0.7554991539763113,,-0.03750000000000028
0.7225,0.5,1.0,0,592,164.29999999999902,35.700000000002326,0.0,0.0,0,0,278,0,2,1,3,0.7559121621621622,,-0.03750000000000028
0.7225,0.5,1.0,0,593,164.44999999999902,35.55000000000233,0.0,0.0,0,0,279,0,2,1,3,0.7563237774030354,,-0.03750000000000028
0.7225,0.5,1.0,0,594,164.59999999999903,35.40000000000233,0.0,0.0,0,0,280,0,2,1,3,0.7567340067340067,,-0.03750000000000028
0.7225,0.5,1.0,0,595,164.74999999999903,35.25000000000233,0.0,0.0,0,0,281,0,2,1,3,0.7571428571428571,,-0.03750000000000028
0.7225,0.5,1.0,0,596,164.89999999999904,35.10000000000233,0.0,0.0,0,0,282,0,2,1,3,0.7575503355704698,,-0.03750000000000028
0.7225,0.5,1.0,0,597,165.04999999999905,34.95000000000233,0.0,0.0,0,0,283,0,2,1,3,0.7579564489112228,,-0.03750000000000028
0.7225,0.5,1.0,0,598,165.19999999999905,34.800000000002335,0.0,0.0,0,0,284,0,2,1,3,0.7583612040133779,,-0.03750000000000028
0.7225,0.5,1.0,0,599,165.34999999999906,34.650000000002336,0.0,0.0,0,0,285,0,2,1,3,0.7587646076794657,,-0.03750000000000028
0.7225,0.5,1.0,0,600,165.49999999999906,34.50000000000234,0.0,0.0,0,0,286,0,2,1,3,0.7591666666666667,,-0.03750000000000028
0.7225,0.5,1.0,0,601,165.64999999999907,34.35000000000234,0.0,0.0,0,0,287,0,2,1,3,0.759567387687188,,-0.03750000000000028
0.7225,0.5,1.0,0,602,165.79999999999907,34.20000000000234,0.0,0.0,0,0,288,0,2,1,3,0.7599667774086378,,-0.03750000000000028
0.7225,0.5,1.0,0,603,165.94999999999908,34.05000000000234,0.0,0.0,0,0,289,0,2,1,3,0.7603648424543947,,-0.03750000000000028
0.7225,0.5,1.0,0,604,166.09999999999908,33.90000000000234,0.0,0.0,0,0,290,0,2,1,3,0.7607615894039735,,-0.03750000000000028
0.7225,0.5,1.0,0,605,166.2499999999991,33.750000000002345,0.0,0.0,0,0,291,0,2,1,3,0.7611570247933884,,-0.03750000000000028
0.7225,0.5,1.0,0,606,166.3999999999991,33.600000000002346,0.0,0.0,0,0,292,0,2,1,3,0.7615511551155115,,-0.03750000000000028
0.7225,0.5,1.0,0,607,166.5499999999991,33.45000000000235,0.0,0.0,0,0,293,0,2,1,3,0.7619439868204283,,-0.03750000000000028
0.7225,0.5,1.0,0,608,166.6999999999991,33.30000000000235,0.0,0.0,0,0,294,0,2,1,3,0.7623355263157895,,-0.03750000000000028
0.7225,0.5,1.0,0,609,166.8499999999991,33.15000000000235,0.0,0.0,0,0,295,0,2,1,3,0.7627257799671593,,-0.03750000000000028
0.7225,0.5,1.0,0,610,166.99999999999912,33.00000000000235,0.0,0.0,0,0,296,0,2,1,3,0.7631147540983606,,-0.03750000000000028
0.7225,0.5,1.0,0,611,167.14999999999912,32.85000000000235,0.0,0.0,0,0,297,0,2,1,3,0.7635024549918167,,-0.03750000000000028
0.7225,0.5,1.0,0,612,167.29999999999913,32.700000000002355,0.0,0.0,0,0,298,0,2,1,3,0.7638888888888888,,-0.03750000000000028
0.7225,0.5,1.0,0,613,167.44999999999914,32.550000000002356,0.0,0.0,0,0,299,0,2,1,3,0.7642740619902121,,-0.03750000000000028
0.7225,0.5,1.0,0,614,167.59999999999914,32.40000000000236,0.0,0.0,0,0,300,0,2,1,3,0.7646579804560261,,-0.03750000000000028
0.7225,0.5,1.0,0,615,167.74999999999915,32.25000000000236,0.0,0.0,0,0,301,0,2,1,3,0.765040650406504,,-0.03750000000000028
0.7225,0.5,1.0,0,616,167.89999999999915,32.10000000000236,0.0,0.0,0,0,302,0,2,1,3,0.765422077922078,,-0.03750000000000028
0.7225,0.5,1.0,0,617,168.04999999999916,31.95000000000236,0.0,0.0,0,0,303,0,2,1,3,0.7658022690437601,,-0.03750000000000028
0.7225,0.5,1.0,0,618,168.19999999999916,31.800000000002356,0.0,0.0,0,0,304,0,2,1,3,0.7661812297734628,,-0.03750000000000028
0.7225,0.5,1.0,0,619,168.34999999999917,31.650000000002354,0.0,0.0,0,0,305,0,2,1,3,0.7665589660743134,,-0.03750000000000028
0.7225,0.5,1.0,0,620,168.49999999999918,31.500000000002352,0.0,0.0,0,0,306,0,2,1,3,0.7669354838709678,,-0.03750000000000028
0.7225,0.5,1.0,0,621,168.64999999999918,31.35000000000235,0.0,0.0,0,0,307,0,2,1,3,0.7673107890499195,,-0.03750000000000028
0.7225,0.5,1.0,0,622,168.7999999999992,31.200000000002348,0.0,0.0,0,0,308,0,2,1,3,0.7676848874598071,,-0.03750000000000028
0.7225,0.5,1.0,0,623,168.9499999999992,31.050000000002346,0.0,0.0,0,0,309,0,2,1,3,0.7680577849117175,,-0.03750000000000028
0.7225,0.5,1.0,0,624,169.0999999999992,30.900000000002343,0.0,0.0,0,0,310,0,2,1,3,0.7684294871794872,,-0.03750000000000028
0.7225,0.5,1.0,0,625,169.2499999999992,30.75000000000234,0.0,0.0,0,0,311,0,2,1,3,0.7688,,-0.03750000000000028
0.7225,0.5,1.0,0,626,169.3999999999992,30.60000000000234,0.0,0.0,0,0,312,0,2,1,4,0.7691693290734825,,-0.03750000000000028
0.7225,0.5,1.0,0,627,169.54999999999922,30.450000000002337,0.0,0.0,0,0,313,0,2,1,4,0.7695374800637959,,-0.03750000000000028
0.7225,0.5,1.0,0,628,169.69999999999922,30.300000000002335,0.0,0.0,0,0,314,0,2,1,4,0.7699044585987261,,-0.03750000000000028
0.7225,0.5,1.0,0,629,169.84999999999923,30.150000000002333,0.0,0.0,0,0,315,0,2,1,4,0.7702702702702703,,-0.03750000000000028
0.7225,0.5,1.0,0,630,169.89999999999924,30.100000000002332,0.0,0.0,0,0,316,0,2,1,4,0.7706349206349207,,-0.03250000000000057
0.7225,0.5,1.0,0,631,170.04999999999924,29.95000000000233,0.0,0.0,0,0,317,0,2,1,4,0.7709984152139461,,-0.03750000000000028
0.7225,0.5,1.0,0,632,170.19999999999925,29.800000000002328,0.0,0.0,0,0,318,0,2,1,4,0.7713607594936709,,-0.03750000000000028
0.7225,0.5,1.0,0,633,170.34999999999926,29.650000000002326,0.0,0.0,0,0,319,0,2,1,4,0.7717219589257504,,-0.03750000000000028
0.7225,0.5,1.0,0,634,170.49999999999926,29.500000000002323,0.0,0.0,0,0,320,0,2,1,4,0.7720820189274448,,-0.03750000000000028
0.7225,0.5,1.0,0,635,170.64999999999927,29.35000000000232,0.0,0.0,0,0,321,0,2,1,4,0.7724409448818897,,-0.03750000000000028
0.7225,0.5,1.0,0,636,170.79999999999927,29.20000000000232,0.0,0.0,0,0,322,0,2,1,4,0.7727987421383647,,-0.03750000000000028
0.7225,0.5,1.0,0,637,170.94999999999928,29.050000000002317,0.0,0.0,0,0,323,0,2,1,4,0.7731554160125589,,-0.03750000000000028
0.7225,0.5,1.0,0,638,171.09999999999928,28.900000000002315,0.0,0.0,0,0,324,0,2,1,4,0.7735109717868338,,-0.03750000000000028
0.7225,0.5,1.0,0,639,171.2499999999993,28.750000000002313,0.0,0.0,0,0,325,0,2,1,4,0.7738654147104851,,-0.03750000000000028
0.7225,0.5,1.0,0,640,171.3999999999993,28.60000000000231,0.0,0.0,0,0,326,0,2,1,4,0.77421875,,-0.03750000000000028
0.7225,0.5,1.0,0,641,171.5499999999993,28.45000000000231,0.0,0.0,0,0,327,0,2,1,4,0.7745709828393136,,-0.03750000000000028
0.7225,0.5,1.0,0,642,171.6999999999993,28.300000000002306,0.0,0.0,0,0,328,0,2,1,4,0.7749221183800623,,-0.03750000000000028
0.7225,0.5,1.0,0,643,171.8499999999993,28.150000000002304,0.0,0.0,0,0,329,0,2,1,4,0.7752721617418351,,-0.03750000000000028
0.7225,0.5,1.0,0,644,171.99999999999932,28.000000000002302,0.0,0.0,0,0,330,0,2,1,4,0.7756211180124224,,-0.03750000000000028
0.7225,0.5,1.0,0,645,172.14999999999932,27.8500000000023,0.0,0.0,0,0,331,0,2,1,4,0.775968992248062,,-0.03750000000000028
0.7225,0.5,1.0,0,646,172.29999999999933,27.700000000002298,0.0,0.0,0,0,332,0,2,1,4,0.7763157894736842,,-0.03750000000000028
0.7225,0.5,1.0,0,647,172.44999999999933,27.550000000002296,0.0,0.0,0,0,333,0,2,1,4,0.776661514683153,,-0.03750000000000028
0.7225,0.5,1.0,0,648,172.59999999999934,27.400000000002294,0.0,0.0,0,0,334,0,2,1,4,0.7770061728395061,,-0.03750000000000028
0.7225,0.5,1.0,0,649,172.74999999999935,27.25000000000229,0.0,0.0,0,0,335,0,2,1,4,0.7773497688751926,,-0.03750000000000028
0.7225,0.5,1.0,0,650,172.89999999999935,27.10000000000229,0.0,0.0,0,0,336,0,2,1,4,0.7776923076923077,,-0.03750000000000028
0.7225,0.5,1.0,0,651,173.04999999999936,26.950000000002287,0.0,0.0,0,0,337,0,2,1,4,0.7780337941628265,,-0.03750000000000028
0.7225,0.5,1.0,0,652,173.19999999999936,26.800000000002285,0.0,0.0,0,0,338,0,2,1,4,0.7783742331288344,,-0.03750000000000028
0.7225,0.5,1.0,0,653,173.34999999999937,26.650000000002283,0.0,0.0,0,0,339,0,2,1,4,0.7787136294027565,,-0.03750000000000028
0.7225,0.5,1.0,0,654,173.49999999999937,26.50000000000228,0.0,0.0,0,0,340,0,2,1,4,0.7790519877675841,,-0.03750000000000028
0.7225,0.5,1.0,0,655,173.64999999999938,26.35000000000228,0.0,0.0,0,0,341,0,2,1,4,0.7793893129770992,,-0.03750000000000028
0.7225,0.5,1.0,0,656,173.7999999999994,26.200000000002277,0.0,0.0,0,0,342,0,2,1,4,0.7797256097560976,,-0.03750000000000028
0.7225,0.5,1.0,0,657,173.9499999999994,26.050000000002274,0.0,0.0,0,0,343,0,2,1,4,0.7800608828006088,,-0.03750000000000028
0.7225,0.5,1.0,0,658,174.0999999999994,25.900000000002272,0.0,0.0,0,0,344,0,2,1,4,0.7803951367781155,,-0.03750000000000028
0.7225,0.5,1.0,0,659,174.2499999999994,25.75000000000227,0.0,0.0,0,0,345,0,2,1,4,0.7807283763277694,,-0.03750000000000028
0.7225,0.5,1.0,0,660,174.3999999999994,25.600000000002268,0.0,0.0,0,0,346,0,2,1,4,0.781060606060606,,-0.03750000000000028
0.7225,0.5,1.0,0,661,174.54999999999941,25.450000000002266,0.0,0.0,0,0,347,0,2,1,4,0.7813918305597579,,-0.03750000000000028
0.7225,0.5,1.0,0,662,174.69999999999942,25.300000000002264,0.0,0.0,0,0,348,0,2,1,4,0.7817220543806647,,-0.03750000000000028
0.7225,0.5,1.0,0,663,174.84999999999943,25.15000000000226,0.0,0.0,0,0,349,0,2,1,4,0.782051282051282,,-0.03750000000000028
0.7225,0.5,1.0,0,664,174.99999999999943,25.00000000000226,0.0,0.0,0,0,350,0,2,1,4,0.7823795180722891,,-0.03750000000000028
0.7225,0.5,1.0,0,665,175.14999999999944,24.850000000002257,0.0,0.0,0,0,351,0,2,1,4,0.7827067669172932,,-0.03750000000000028
0.7225,0.5,1.0,0,666,175.29999999999944,24.700000000002255,0.0,0.0,0,0,352,0,2,1,4,0.7830330330330331,,-0.03750000000000028
0.7225,0.5,1.0,0,667,175.44999999999945,24.550000000002253,0.0,0.0,0,0,353,0,2,1,4,0.7833583208395802,,-0.03750000000000028
0.7225,0.5,1.0,0,668,175.59999999999945,24.40000000000225,0.0,0.0,0,0,354,0,2,1,4,0.7836826347305389,,-0.03750000000000028
0.7225,0.5,1.0,0,669,175.74999999999946,24.25000000000225,0.0,0.0,0,0,355,0,2,1,4,0.7840059790732437,,-0.03750000000000028
0.7225,0.5,1.0,0,670,175.89999999999947,24.100000000002247,0.0,0.0,0,0,356,0,2,1,4,0.7843283582089552,,-0.03750000000000028
0.7225,0.5,1.0,0,671,176.04999999999947,23.950000000002245,0.0,0.0,0,0,357,0,2,1,4,0.7846497764530551,,-0.03750000000000028
0.7225,0.5,1.0,0,672,176.19999999999948,23.800000000002242,0.0,0.0,0,0,358,0,2,1,4,0.7849702380952381,,-0.03750000000000028
0.7225,0.5,1.0,0,673,176.34999999999948,23.65000000000224,0.0,0.0,0,0,359,0,2,1,4,0.7852897473997028,,-0.03750000000000028
0.7225,0.5,1.0,0,674,176.4999999999995,23.500000000002238,0.0,0.0,0,0,360,0,2,1,4,0.7856083086053413,,-0.03750000000000028
0.7225,0.5,1.0,0,675,176.6499999999995,23.350000000002236,0.0,0.0,0,0,361,0,2,1,4,0.7859259259259259,,-0.03750000000000028
0.7225,0.5,1.0,0,676,176.7999999999995,23.200000000002234,0.0,0.0,0,0,362,0,2,1,4,0.7862426035502958,,-0.03750000000000028
0.7225,0.5,1.0,0,677,176.9499999999995,23.050000000002232,0.0,0.0,0,0,363,0,2,1,4,0.7865583456425406,,-0.03750000000000028
0.7225,0.5,1.0,0,678,177.0999999999995,22.90000000000223,0.0,0.0,0,0,364,0,2,1,4,0.7868731563421829,,-0.03750000000000028
0.7225,0.5,1.0,0,679,177.24999999999952,22.750000000002228,0.0,0.0,0,0,365,0,2,1,4,0.7871870397643593,,-0.03750000000000028
0.7225,0.5,1.0,0,680,177.39999999999952,22.600000000002225,0.0,0.0,0,0,366,0,2,1,4,0.7875,,-0.03750000000000028
0.7225,0.5,1.0,0,681,177.54999999999953,22.450000000002223,0.0,0.0,0,0,367,0,2,1,4,0.7878120411160059,,-0.03750000000000028
0.7225,0.5,1.0,0,682,177.69999999999953,22.30000000000222,0.0,0.0,0,0,368,0,2,1,4,0.7881231671554252,,-0.03750000000000028
0.7225,0.5,1.0,0,683,177.84999999999954,22.15000000000222,0.0,0.0,0,0,369,0,2,1,4,0.7884333821376281,,-0.03750000000000028
0.7225,0.5,1.0,0,684,177.99999999999955,22.000000000002217,0.0,0.0,0,0,370,0,2,1,4,0.7887426900584795,,-0.03750000000000028
0.7225,0.5,1.0,0,685,178.14999999999955,21.850000000002215,0.0,0.0,0,0,371,0,2,1,4,0.789051094890511,,-0.03750000000000028
0.7225,0.5,1.0,0,686,178.29999999999956,21.700000000002213,0.0,0.0,0,0,372,0,2,1,4,0.7893586005830904,,-0.03750000000000028
0.7225,0.5,1.0,0,687,178.44999999999956,21.55000000000221,0.0,0.0,0,0,373,0,2,1,4,0.789665211062591,,-0.03750000000000028
0.7225,0.5,1.0,0,688,178.59999999999957,21.40000000000221,0.0,0.0,0,0,374,0,2,1,4,0.7899709302325582,,-0.03750000000000028
0.7225,0.5,1.0,0,689,178.74999999999957,21.250000000002206,0.0,0.0,0,0,375,0,2,1,4,0.7902757619738752,,-0.03750000000000028
0.7225,0.5,1.0,0,690,178.89999999999958,21.100000000002204,0.0,0.0,0,0,376,0,2,1,4,0.7905797101449276,,-0.03750000000000028
0.7225,0.5,1.0,0,691,179.04999999999959,20.950000000002202,0.0,0.0,0,0,377,0,2,1,4,0.7908827785817656,,-0.03750000000000028
0.7225,0.5,1.0,0,692,179.1999999999996,20.8000000000022,0.0,0.0,0,0,378,0,2,1,4,0.7911849710982659,,-0.03750000000000028
0.7225,0.5,1.0,0,693,179.3499999999996,20.650000000002198,0.0,0.0,0,0,379,0,2,1,4,0.7914862914862915,,-0.03750000000000028
0.7225,0.5,1.0,0,694,179.4999999999996,20.500000000002196,0.0,0.0,0,0,380,0,2,1,4,0.7917867435158501,,-0.03750000000000028
0.7225,0.5,1.0,0,695,179.6499999999996,20.350000000002193,0.0,0.0,0,0,381,0,2,1,4,0.7920863309352518,,-0.03750000000000028
0.7225,0.5,1.0,0,696,179.7999999999996,20.20000000000219,0.0,0.0,0,0,382,0,2,1,4,0.7923850574712644,,-0.03750000000000028
0.7225,0.5,1.0,0,697,179.94999999999962,20.05000000000219,0.0,0.0,0,0,383,0,2,1,4,0.7926829268292683,,-0.03750000000000028
0.7225,0.5,1.0,0,698,180.09999999999962,19.900000000002187,0.0,0.0,0,0,384,0,2,1,4,0.7929799426934098,,-0.03750000000000028
0.7225,0.5,1.0,0,699,180.24999999999963,19.750000000002185,0.0,0.0,0,0,385,0,2,1,4,0.7932761087267525,,-0.03750000000000028
0.7225,0.5,1.0,0,700,180.39999999999964,19.600000000002183,0.0,0.0,0,0,386,0,2,1,4,0.7935714285714286,max_steps_reached,-0.03750000000000028
