coverage_ratio,inspection_success_rate,target_detection_rate,mission_success,mission_time,total_energy_consumption,fixedwing_final_battery,quadrotor_mean_final_battery,quadrotor_min_final_battery,collision_count,near_miss_count,communication_loss_count,invalid_action_count,detected_targets,inspected_targets,candidate_targets,redundant_coverage_proxy,termination_reason,quadrotor_hover_inspect_count,quadrotor_valid_hover_inspect_count,quadrotor_invalid_hover_inspect_count,mean_distance_to_candidate,time_in_candidate_range,scenario,seed,target_distribution,communication_radius,communication_mode,baseline
0.83125,0.125,1.0,0,638,159.64999999999657,68.10000000000181,36.12500000000164,36.05000000000163,1,412,581,0,8,1,15,0.3051201671891327,collision,1,1,0,1044.6083828893659,1,1,0,uniform,400.0,hard,hierarchical_task_allocation
0.83375,0.0,0.875,0,1000,249.99999999999656,50.00000000000284,1.4043488594239761e-12,1.4043488594239761e-12,0,426,1213,0,7,0,15,0.5553333333333333,max_steps_reached,0,0,0,700.0471412411177,0,1,1,uniform,400.0,hard,hierarchical_task_allocation
0.84,0.375,1.0,0,1000,249.99999999999937,50.00000000000284,0.0,0.0,0,0,1259,0,8,3,15,0.552,max_steps_reached,5,5,0,755.4221479936717,5,1,2,uniform,400.0,hard,hierarchical_task_allocation
0.83875,0.125,1.0,0,1000,245.4999999999966,50.00000000000284,2.2500000000013975,1.4043488594239761e-12,0,33,1373,0,8,1,18,0.5526666666666666,max_steps_reached,50,50,0,470.19562860493363,50,1,3,uniform,400.0,hard,hierarchical_task_allocation
0.83375,0.0,0.875,0,1000,249.99999999999656,50.00000000000284,1.4043488594239761e-12,1.4043488594239761e-12,0,642,939,0,7,0,18,0.5553333333333333,max_steps_reached,0,0,0,1174.4745118635178,0,1,4,uniform,400.0,hard,hierarchical_task_allocation
0.84,0.125,1.0,0,1000,249.99999999999795,50.00000000000284,7.021744297119881e-13,0.0,0,65,1592,0,8,1,22,0.552,max_steps_reached,1,1,0,638.3419811192621,1,1,5,uniform,400.0,hard,hierarchical_task_allocation
0.83625,0.0,0.875,0,1000,249.99999999999656,50.00000000000284,1.4043488594239761e-12,1.4043488594239761e-12,0,129,904,0,7,0,18,0.554,max_steps_reached,0,0,0,747.9794913356952,0,1,6,uniform,400.0,hard,hierarchical_task_allocation
0.81375,0.0,0.75,0,498,121.34999999999688,75.10000000000142,51.77500000000184,51.35000000000182,1,332,437,0,6,0,8,0.1285140562248996,collision,10,10,0,861.9382714096109,10,1,7,uniform,400.0,hard,hierarchical_task_allocation
0.840625,0.25,0.75,0,1000,249.99999999999795,50.00000000000284,7.021744297119881e-13,0.0,0,0,1008,0,6,2,14,0.5516666666666666,max_steps_reached,2,2,0,674.4479407878478,2,1,8,uniform,400.0,hard,hierarchical_task_allocation
0.839375,0.125,0.875,0,1000,249.99999999999795,50.00000000000284,7.021744297119881e-13,0.0,0,22,1607,0,7,1,14,0.5523333333333333,max_steps_reached,1,1,0,921.7623013077172,1,1,9,uniform,400.0,hard,hierarchical_task_allocation
0.395,0.625,0.625,0,238,60.250000000000206,88.10000000000068,75.82500000000134,75.75000000000134,1,2,36,0,5,5,7,0.11484593837535013,collision,9,9,0,540.5213975507835,9,1,0,uniform,800.0,hard,hierarchical_task_allocation
0.874375,0.5,0.875,0,1000,240.04999999999643,50.00000000000284,4.9750000000012955,4.050000000001248,0,243,474,0,7,4,15,0.5336666666666666,max_steps_reached,136,136,0,598.0986677428717,136,1,1,uniform,800.0,hard,hierarchical_task_allocation
0.8525,1.0,1.0,1,855,209.04999999999663,57.25000000000243,16.850000000001337,15.700000000001298,0,0,337,0,8,8,15,0.4682261208576998,all_targets_inspected,37,37,0,480.0129546235889,37,1,2,uniform,800.0,hard,hierarchical_task_allocation
0.841875,1.0,1.0,1,802,197.04999999999663,59.90000000000228,21.525000000001402,19.650000000001413,0,0,224,0,8,8,18,0.4401496259351621,all_targets_inspected,61,61,0,609.1650329044861,61,1,3,uniform,800.0,hard,hierarchical_task_allocation
0.855625,0.875,0.875,0,1000,228.6499999999981,50.00000000000284,10.675000000001358,9.800000000001372,0,0,515,0,7,7,17,0.5436666666666666,max_steps_reached,234,234,0,524.9311966215542,234,1,4,uniform,800.0,hard,hierarchical_task_allocation
0.864375,0.5,1.0,0,1000,243.34999999999798,50.00000000000284,3.3250000000006334,0.0,0,184,547,0,8,4,20,0.539,max_steps_reached,83,83,0,789.8823113195242,83,1,5,uniform,800.0,hard,hierarchical_task_allocation
0.8525,0.5,0.875,0,671,168.34999999999656,66.4500000000019,32.60000000000157,32.45000000000155,1,111,362,0,7,4,13,0.3224043715846995,collision,4,4,0,678.934572577958,4,1,6,uniform,800.0,hard,hierarchical_task_allocation
0.845625,0.75,0.75,0,1000,218.3499999999982,50.00000000000284,15.825000000001332,14.750000000001378,0,0,517,0,6,6,13,0.549,max_steps_reached,255,255,0,388.2357024307454,255,1,7,uniform,800.0,hard,hierarchical_task_allocation
0.866875,0.5,0.75,0,1000,249.99999999999795,50.00000000000284,7.021744297119881e-13,0.0,0,0,567,0,6,4,14,0.5376666666666666,max_steps_reached,13,13,0,767.011942364906,13,1,8,uniform,800.0,hard,hierarchical_task_allocation
0.8525,0.75,0.875,0,1000,248.39999999999657,50.00000000000284,0.8000000000013966,1.4043488594239761e-12,0,1,436,0,7,6,14,0.5453333333333333,max_steps_reached,36,36,0,577.7905570950849,36,1,9,uniform,800.0,hard,hierarchical_task_allocation
0.82,1.0,1.0,1,512,115.74999999999737,74.40000000000146,54.92500000000184,54.45000000000181,0,19,12,0,8,8,12,0.14583333333333334,all_targets_inspected,160,160,0,374.13295540263596,160,1,0,uniform,1200.0,hard,hierarchical_task_allocation
0.835,0.875,0.875,0,1000,155.80000000000078,50.00000000000284,47.100000000001785,47.00000000000175,0,7,329,0,7,7,14,0.5546666666666666,max_steps_reached,818,818,0,212.32289612167926,818,1,1,uniform,1200.0,hard,hierarchical_task_allocation
0.718125,1.0,1.0,1,422,101.29999999999818,78.9000000000012,59.90000000000194,59.550000000001894,0,0,0,0,8,8,12,0.0924170616113744,all_targets_inspected,73,73,0,429.29056217765697,73,1,2,uniform,1200.0,hard,hierarchical_task_allocation
0.836875,1.0,1.0,1,687,151.89999999999685,65.65000000000195,41.22500000000159,36.00000000000164,0,0,6,0,8,8,14,0.35031538088306646,all_targets_inspected,265,265,0,403.86927251960566,265,1,3,uniform,1200.0,hard,hierarchical_task_allocation
0.85,0.875,0.875,0,1000,198.34999999999948,50.00000000000284,25.825000000001552,25.35000000000155,0,0,21,0,7,7,18,0.5466666666666666,max_steps_reached,575,575,0,327.0541946460201,575,1,4,uniform,1200.0,hard,hierarchical_task_allocation
0.855625,1.0,1.0,1,805,183.8499999999967,59.75000000000229,28.200000000001413,26.400000000001363,0,0,62,0,8,8,20,0.4331262939958592,all_targets_inspected,228,228,0,418.78290527112614,228,1,5,uniform,1200.0,hard,hierarchical_task_allocation
0.860625,0.875,0.875,0,1000,191.94999999999933,50.00000000000284,29.025000000001466,27.100000000001472,0,53,79,0,7,7,15,0.541,max_steps_reached,669,669,0,335.938530265568,669,1,6,uniform,1200.0,hard,hierarchical_task_allocation
0.835625,0.75,0.75,0,1000,186.40000000000035,50.00000000000284,31.80000000000156,29.450000000001594,0,0,288,0,6,6,10,0.5543333333333333,max_steps_reached,491,491,0,359.7459247366007,491,1,7,uniform,1200.0,hard,hierarchical_task_allocation
0.84625,0.75,0.75,0,1000,174.95000000000093,50.00000000000284,37.52500000000171,27.850000000001558,0,0,27,0,6,6,9,0.5486666666666666,max_steps_reached,813,813,0,182.942996506463,813,1,8,uniform,1200.0,hard,hierarchical_task_allocation
0.84125,0.875,0.875,0,1000,170.55000000000132,50.00000000000284,39.72500000000173,38.90000000000173,0,0,0,0,7,7,14,0.5513333333333333,max_steps_reached,860,860,0,249.9330787814677,860,1,9,uniform,1200.0,hard,hierarchical_task_allocation
0.415625,0.0,0.5,0,250,62.50000000000021,87.50000000000071,75.00000000000142,75.00000000000142,1,19,230,0,4,0,7,0.11333333333333333,collision,0,0,0,591.4166860415834,0,1,0,clustered,400.0,hard,hierarchical_task_allocation
0.293125,0.0,0.125,0,178,44.50000000000021,91.1000000000005,82.20000000000101,82.20000000000101,1,5,116,0,1,0,3,0.12172284644194757,collision,0,0,0,755.3484589949874,0,1,1,clustered,400.0,hard,hierarchical_task_allocation
0.281875,0.0,0.0,0,166,40.05000000000019,91.70000000000047,84.1250000000009,83.40000000000094,1,2,99,0,0,0,3,0.09437751004016064,collision,5,5,0,683.441952317496,5,1,2,clustered,400.0,hard,hierarchical_task_allocation
0.469375,0.0,0.5,0,282,55.950000000000166,85.9000000000008,79.0750000000011,71.8000000000016,1,39,234,0,4,0,5,0.11229314420803782,collision,178,178,0,306.4895183926348,178,1,3,clustered,400.0,hard,hierarchical_task_allocation
0.84,0.0,1.0,0,1000,248.69999999999655,50.00000000000284,0.6500000000014045,1.4043488594239761e-12,0,585,910,0,8,0,19,0.552,max_steps_reached,13,13,0,541.9846963452806,13,1,4,clustered,400.0,hard,hierarchical_task_allocation
0.215625,0.0,0.0,0,135,27.650000000000137,93.25000000000038,89.55000000000055,88.80000000000061,1,44,75,0,0,0,2,0.14814814814814814,collision,64,64,0,263.50578797665565,64,1,5,clustered,400.0,hard,hierarchical_task_allocation
0.8375,0.0,0.875,0,1000,249.99999999999656,50.00000000000284,1.4043488594239761e-12,1.4043488594239761e-12,0,47,904,0,7,0,17,0.5533333333333333,max_steps_reached,0,0,0,535.9870056366365,0,1,6,clustered,400.0,hard,hierarchical_task_allocation
0.48,0.0,0.5,0,291,61.10000000000002,85.45000000000083,76.72500000000127,76.30000000000129,1,133,230,0,4,0,5,0.12027491408934708,collision,10,10,0,428.75911867673415,10,1,7,clustered,400.0,hard,hierarchical_task_allocation
0.84125,0.125,1.0,0,1000,249.999999999998,50.00000000000284,7.021744297119881e-13,0.0,0,289,975,0,8,1,16,0.5513333333333333,max_steps_reached,1,1,0,589.7093208881425,1,1,8,clustered,400.0,hard,hierarchical_task_allocation
0.83625,0.125,1.0,0,694,173.64999999999657,65.30000000000197,30.525000000001572,30.450000000001573,1,67,587,0,8,1,14,0.3573487031700288,collision,1,1,0,558.4811823492751,1,1,9,clustered,400.0,hard,hierarchical_task_allocation
0.8425,1.0,1.0,1,704,173.1999999999966,64.800000000002,31.000000000001556,29.550000000001532,0,40,254,0,8,8,13,0.36174242424242425,all_targets_inspected,79,79,0,632.9868902499205,79,1,0,clustered,800.0,hard,hierarchical_task_allocation
0.83375,0.5,1.0,0,580,142.99999999999656,71.00000000000165,43.00000000000172,41.40000000000167,1,97,277,0,8,4,12,0.23333333333333334,collision,9,9,0,802.6067336102036,9,1,1,clustered,800.0,hard,hierarchical_task_allocation
0.808125,0.5,1.0,0,486,110.29999999999744,75.70000000000138,57.000000000001876,56.60000000000191,1,69,212,0,8,4,11,0.11316872427983539,collision,140,140,0,504.4658124131731,140,1,2,clustered,800.0,hard,hierarchical_task_allocation
0.835625,0.625,1.0,0,739,170.94999999999655,63.0500000000021,33.000000000001485,25.500000000001457,1,93,319,0,8,5,14,0.3969327920613442,collision,185,185,0,623.1761763230309,185,1,3,clustered,800.0,hard,hierarchical_task_allocation
0.839375,0.625,1.0,0,574,135.4499999999965,71.30000000000163,46.625000000001734,44.25000000000175,1,74,226,0,8,5,13,0.22009291521486643,collision,117,117,0,497.3014702848985,117,1,4,clustered,800.0,hard,hierarchical_task_allocation
0.68375,0.5,0.875,0,410,79.39999999999932,79.50000000000117,70.5500000000015,68.05000000000166,1,7,142,0,7,4,15,0.11056910569105691,collision,277,277,0,313.1677110392005,277,1,5,clustered,800.0,hard,hierarchical_task_allocation
0.838125,0.875,0.875,0,1000,202.79999999999905,50.00000000000284,23.600000000001447,19.250000000001428,0,22,446,0,7,7,13,0.553,max_steps_reached,372,372,0,485.1106010865327,372,1,6,clustered,800.0,hard,hierarchical_task_allocation
0.83375,0.5,1.0,0,580,129.54999999999652,71.00000000000165,49.72500000000172,42.000000000001734,1,91,293,0,8,4,9,0.23333333333333334,collision,202,202,0,633.9647369765273,202,1,7,clustered,800.0,hard,hierarchical_task_allocation
0.7725,0.5,0.875,0,463,116.34999999999722,76.85000000000132,53.40000000000187,53.100000000001835,1,22,148,0,7,4,8,0.1101511879049676,collision,4,4,0,748.5141881282174,4,1,8,clustered,800.0,hard,hierarchical_task_allocation
0.841875,1.0,1.0,1,796,187.09999999999667,60.20000000000226,26.350000000001444,23.35000000000141,0,40,416,0,8,8,13,0.435929648241206,all_targets_inspected,71,71,0,601.2126334729484,71,1,9,clustered,800.0,hard,hierarchical_task_allocation
0.769375,1.0,1.0,1,464,92.59999999999842,76.80000000000132,65.3000000000018,62.20000000000197,0,2,0,0,8,8,11,0.11566091954022989,all_targets_inspected,280,280,0,255.7407619796439,280,1,0,clustered,1200.0,hard,hierarchical_task_allocation
0.665625,1.0,1.0,1,397,95.79999999999846,80.15000000000113,62.02500000000198,59.85000000000193,0,0,0,0,8,8,11,0.10579345088161209,all_targets_inspected,63,63,0,389.045584814304,63,1,1,clustered,1200.0,hard,hierarchical_task_allocation
0.758125,1.0,1.0,1,453,97.6499999999982,77.35000000000129,62.50000000000195,62.15000000000194,0,1,24,0,8,8,9,0.10743193524650478,all_targets_inspected,203,203,0,362.9486363955822,203,1,2,clustered,1200.0,hard,hierarchical_task_allocation
0.825,1.0,1.0,1,548,120.49999999999702,72.60000000000156,53.45000000000178,46.45000000000176,0,0,4,0,8,8,13,0.19708029197080293,all_targets_inspected,220,220,0,408.44981567866444,220,1,3,clustered,1200.0,hard,hierarchical_task_allocation
0.845,1.0,1.0,1,825,146.19999999999803,58.750000000002345,47.5250000000017,45.200000000001715,0,0,0,0,8,8,15,0.4537373737373737,all_targets_inspected,710,710,0,200.04939934231214,710,1,4,clustered,1200.0,hard,hierarchical_task_allocation
0.8225,1.0,1.0,1,525,90.4999999999986,73.75000000000149,67.8750000000015,66.20000000000164,0,17,4,0,8,8,17,0.16444444444444445,all_targets_inspected,528,528,0,165.55563525296148,528,1,5,clustered,1200.0,hard,hierarchical_task_allocation
0.835,0.875,0.875,0,1000,184.89999999999998,50.00000000000284,32.55000000000157,25.900000000001512,0,13,84,0,7,7,15,0.5546666666666666,max_steps_reached,689,689,0,304.5780638851414,689,1,6,clustered,1200.0,hard,hierarchical_task_allocation
0.823125,1.0,0.875,1,497,108.74999999999766,75.15000000000141,58.05000000000173,49.5500000000018,0,0,12,0,7,8,8,0.11670020120724346,all_targets_inspected,211,211,0,336.86215371326006,211,1,7,clustered,1200.0,hard,hierarchical_task_allocation
0.84125,1.0,1.0,1,563,140.44999999999666,71.8500000000016,43.85000000000174,43.100000000001764,0,0,1,0,8,8,9,0.2030787448194198,all_targets_inspected,30,30,0,354.54184914791955,30,1,8,clustered,1200.0,hard,hierarchical_task_allocation
0.825,1.0,1.0,1,523,112.34999999999762,73.85000000000149,56.90000000000185,56.70000000000179,0,0,0,0,8,8,14,0.1586998087954111,all_targets_inspected,194,194,0,350.98948102147574,194,1,9,clustered,1200.0,hard,hierarchical_task_allocation
0.834375,0.125,0.625,0,1000,249.99999999999795,50.00000000000284,7.021744297119881e-13,0.0,0,589,902,0,5,1,15,0.555,max_steps_reached,1,1,0,696.9995644753982,1,1,0,edge,400.0,hard,hierarchical_task_allocation
0.8325,0.0,0.625,0,645,161.24999999999656,67.75000000000183,35.50000000000164,35.50000000000164,1,441,584,0,5,0,10,0.3116279069767442,collision,0,0,0,1040.6704800152547,0,1,1,edge,400.0,hard,hierarchical_task_allocation
0.83375,0.0,1.0,0,1000,249.99999999999656,50.00000000000284,1.4043488594239761e-12,1.4043488594239761e-12,0,573,919,0,8,0,14,0.5553333333333333,max_steps_reached,0,0,0,919.6863122043599,0,1,2,edge,400.0,hard,hierarchical_task_allocation
0.829375,0.0,0.75,0,653,161.64999999999657,67.35000000000186,35.50000000000164,34.70000000000163,1,539,581,0,6,0,12,0.3226135783563042,collision,16,16,0,852.8508224000308,16,1,3,edge,400.0,hard,hierarchical_task_allocation
0.839375,0.0,0.625,0,1000,249.99999999999656,50.00000000000284,1.4043488594239761e-12,1.4043488594239761e-12,0,37,1665,0,5,0,17,0.5523333333333333,max_steps_reached,0,0,0,789.9826892767302,0,1,4,edge,400.0,hard,hierarchical_task_allocation
0.84,0.25,1.0,0,1000,249.99999999999795,50.00000000000284,7.021744297119881e-13,0.0,0,83,1653,0,8,2,22,0.552,max_steps_reached,2,2,0,683.3710389789592,2,1,5,edge,400.0,hard,hierarchical_task_allocation
0.83375,0.25,0.75,0,1000,249.99999999999935,50.00000000000284,0.0,0.0,0,602,915,0,6,2,16,0.5553333333333333,max_steps_reached,2,2,0,1419.682931617425,2,1,6,edge,400.0,hard,hierarchical_task_allocation
0.8325,0.0,0.75,0,604,150.99999999999656,69.80000000000172,39.6000000000017,39.6000000000017,1,434,550,0,6,0,9,0.26490066225165565,collision,0,0,0,1137.3190714666857,0,1,7,edge,400.0,hard,hierarchical_task_allocation
0.744375,0.0,0.5,0,448,111.99999999999748,77.60000000000127,55.20000000000192,55.20000000000192,1,268,402,0,4,0,5,0.11383928571428571,collision,0,0,0,821.3718536202159,0,1,8,edge,400.0,hard,hierarchical_task_allocation
0.83125,0.125,0.75,0,1000,249.99999999999795,50.00000000000284,7.021744297119881e-13,0.0,0,588,911,0,6,1,13,0.5566666666666666,max_steps_reached,2,2,0,694.4767581543454,2,1,9,edge,400.0,hard,hierarchical_task_allocation
0.8625,0.25,0.625,0,1000,201.64999999999577,50.00000000000284,24.175000000001287,21.800000000001305,0,28,548,0,5,2,20,0.54,max_steps_reached,221,221,0,758.3838827784647,221,1,0,edge,800.0,hard,hierarchical_task_allocation
0.86,0.375,0.75,0,1000,249.999999999998,50.00000000000284,7.021744297119881e-13,0.0,0,494,679,0,6,3,15,0.5413333333333333,max_steps_reached,21,21,0,609.5695862852278,21,1,1,edge,800.0,hard,hierarchical_task_allocation
0.863125,0.5,1.0,0,1000,246.94999999999797,50.00000000000284,1.525000000000691,0.0,0,74,745,0,8,4,14,0.5396666666666666,max_steps_reached,39,39,0,693.4070045616616,39,1,2,edge,800.0,hard,hierarchical_task_allocation
0.83875,0.375,0.75,0,1000,248.549999999998,50.00000000000284,0.7250000000006938,0.0,0,0,716,0,6,3,16,0.5526666666666666,max_steps_reached,19,19,0,812.1280612407116,19,1,3,edge,800.0,hard,hierarchical_task_allocation
0.864375,0.375,0.625,0,1000,239.99999999999667,50.00000000000284,5.000000000001379,4.8500000000013515,0,0,468,0,5,3,18,0.539,max_steps_reached,70,70,0,778.0446829407223,70,1,4,edge,800.0,hard,hierarchical_task_allocation
0.886875,0.625,1.0,0,1000,239.84999999999647,50.00000000000284,5.07500000000133,0.45000000000135887,0,67,712,0,8,5,19,0.527,max_steps_reached,71,71,0,788.1468237553548,71,1,5,edge,800.0,hard,hierarchical_task_allocation
0.86375,0.25,0.75,0,1000,222.7499999999977,50.00000000000284,13.625000000000654,0.0,0,107,576,0,6,2,15,0.5393333333333333,max_steps_reached,311,311,0,783.1401449087265,311,1,6,edge,800.0,hard,hierarchical_task_allocation
0.8475,0.25,0.875,0,667,135.4499999999961,66.6500000000019,48.95000000000172,47.60000000000164,1,148,405,0,7,2,12,0.32233883058470764,collision,199,199,0,655.3712535766949,199,1,7,edge,800.0,hard,hierarchical_task_allocation
0.865,0.375,0.75,0,1000,249.99999999999937,50.00000000000284,0.0,0.0,0,9,536,0,6,3,14,0.5386666666666666,max_steps_reached,3,3,0,799.2271554437268,3,1,8,edge,800.0,hard,hierarchical_task_allocation
0.861875,0.375,0.75,0,1000,233.29999999999646,50.00000000000284,8.350000000001316,3.6500000000013895,0,1,547,0,6,3,12,0.5403333333333333,max_steps_reached,131,131,0,888.6011986383161,131,1,9,edge,800.0,hard,hierarchical_task_allocation
0.84125,0.5,0.5,0,1000,162.04999999999816,50.00000000000284,43.975000000001614,41.000000000001606,0,0,121,0,4,4,19,0.5513333333333333,max_steps_reached,947,947,0,243.04337110028203,947,1,0,edge,1200.0,hard,hierarchical_task_allocation
0.8775,0.75,0.75,0,1000,202.69999999999735,50.00000000000284,23.650000000001373,20.100000000001266,0,2,168,0,6,6,13,0.532,max_steps_reached,499,499,0,404.4338717630882,499,1,1,edge,1200.0,hard,hierarchical_task_allocation
0.8525,0.875,0.875,0,1000,204.74999999999912,50.00000000000284,22.625000000001453,18.400000000001384,0,5,99,0,7,7,16,0.5453333333333333,max_steps_reached,496,496,0,389.722180312555,496,1,2,edge,1200.0,hard,hierarchical_task_allocation
0.840625,0.75,0.75,0,1000,188.1,50.00000000000284,30.95000000000154,30.45000000000153,0,0,43,0,6,6,17,0.5516666666666666,max_steps_reached,749,749,0,309.4829936067143,749,1,3,edge,1200.0,hard,hierarchical_task_allocation
0.84875,0.625,0.625,0,1000,186.24999999999983,50.00000000000284,31.875000000001542,30.650000000001526,0,0,30,0,5,5,15,0.5473333333333333,max_steps_reached,649,649,0,305.8909315387478,649,1,4,edge,1200.0,hard,hierarchical_task_allocation
0.864375,0.875,1.0,0,1000,231.59999999999636,50.00000000000284,9.200000000001285,8.000000000001286,0,0,129,0,8,7,20,0.539,max_steps_reached,221,221,0,543.8866774783419,221,1,5,edge,1200.0,hard,hierarchical_task_allocation
0.866875,0.75,0.75,0,1000,184.19999999999877,50.00000000000284,32.90000000000151,18.700000000001417,0,0,243,0,6,6,16,0.5376666666666666,max_steps_reached,599,599,0,355.05362087549594,599,1,6,edge,1200.0,hard,hierarchical_task_allocation
0.8675,1.0,1.0,1,973,228.6999999999977,51.350000000002765,9.975000000001373,8.650000000001375,0,98,67,0,8,8,15,0.5244946899623159,all_targets_inspected,229,229,0,444.36682298144643,229,1,7,edge,1200.0,hard,hierarchical_task_allocation
0.8725,0.75,0.75,0,1000,213.09999999999908,50.00000000000284,18.45000000000143,16.90000000000142,0,0,197,0,6,6,14,0.5346666666666666,max_steps_reached,340,340,0,404.8131523072859,340,1,8,edge,1200.0,hard,hierarchical_task_allocation
0.855625,0.75,0.75,0,1000,217.89999999999782,50.00000000000284,16.050000000001308,12.100000000001364,0,0,59,0,6,6,12,0.5436666666666666,max_steps_reached,382,382,0,447.74384202951285,382,1,9,edge,1200.0,hard,hierarchical_task_allocation
