update,scenario,rollout_reward_mean,episode_count,coverage_ratio,inspection_success_rate,target_detection_rate,mission_success,mission_time,collision_count,invalid_action_count,policy_loss,value_loss,entropy,approx_kl,clip_fraction
1,1,1.2139511985442368,0,0.2725,0.125,0.125,0,256,0,0,-0.0032705068588256836,135.78555297851562,1.1762503385543823,0.002149509033188224,0.0
2,1,3.8915614636207465,0,0.2875,0.125,0.125,0,512,0,0,-0.00046080039464868605,2258.919921875,1.3361005783081055,0.0014466764405369759,0.0
3,1,3.0786776107024707,1,0.221875,0.25,0.25,0,190,0,0,-0.0010940463980659842,1699.555908203125,1.127510905265808,0.0012256231857463717,0.0
4,1,4.3339310549220045,1,0.221875,0.25,0.25,0,446,0,0,-0.001309126615524292,2764.28857421875,1.4332607984542847,-0.0002320948988199234,0.0
5,1,4.622794204755337,1,0.2475,0.25,0.25,0,702,0,0,-0.001304909586906433,3198.464111328125,1.3712326288223267,-0.00035711293458007276,0.0
6,1,5.481284808726343,1,0.279375,0.25,0.25,0,958,0,0,-0.001304254517890513,5157.25439453125,1.2726832628250122,-0.000776471511926502,0.0
7,1,2.6349175967625342,2,0.305625,0.5,0.5,0,214,0,0,-0.001723031047731638,800.5523681640625,1.109763264656067,0.0005779922939836979,0.0
8,1,2.876277210587432,2,0.443125,0.625,0.625,0,470,0,0,-0.0019179917871952057,1618.248291015625,1.380306601524353,0.0010298460256308317,0.0
9,1,4.447545530987554,2,0.501875,0.625,0.625,0,726,0,0,-0.001856218441389501,3201.216796875,1.2519186735153198,0.0016577672213315964,0.0
10,1,5.583763485774398,2,0.503125,0.625,0.625,0,982,0,0,-0.0016703506698831916,5304.1708984375,1.1714195013046265,0.0013158422661945224,0.0
11,1,2.368137762171216,3,0.20125,0.125,0.125,0,238,0,0,-0.0008449765737168491,784.1483764648438,1.1623080968856812,-0.00019005988724529743,0.0
12,1,2.73351995779376,4,0.243125,0.0,0.0,0,96,0,0,-0.0007952650194056332,1825.5169677734375,1.0819838047027588,0.0006667340057902038,0.0
13,1,1.696029656141036,4,0.48125,0.125,0.125,0,352,0,0,-0.0012398561229929328,274.54046630859375,1.0856785774230957,0.0006061820895411074,0.0
14,1,4.215227264605346,4,0.539375,0.125,0.125,0,608,0,0,0.0003336916270200163,2771.10546875,1.1500324010849,-0.00042493044747971,0.0
15,1,6.032718200348427,4,0.5675,0.125,0.125,0,864,0,0,-0.001043558120727539,6111.8828125,1.1399556398391724,7.724622264504433e-06,0.0
16,1,4.517797946224164,5,0.161875,0.125,0.125,0,120,0,0,-0.0006764717400074005,3743.91552734375,1.1076704263687134,0.00011687124060699716,0.0
17,1,3.680421560900868,5,0.244375,0.25,0.25,0,376,0,0,-0.0005184027249924839,2393.697509765625,1.2821877002716064,-0.0003826435131486505,0.0
18,1,5.464331000235688,5,0.246875,0.25,0.25,0,632,0,0,-0.000818450644146651,4821.27734375,1.1999849081039429,0.0004430791304912418,0.0
19,1,3.9220485520199873,5,0.275,0.375,0.375,0,888,0,0,-0.0005261798505671322,2961.34423828125,1.1558767557144165,-9.004026651382446e-06,0.0
20,1,3.7875894952594535,6,0.294375,0.25,0.25,0,144,0,0,-7.818142876203638e-06,2486.990478515625,0.9974697232246399,5.273156057228334e-05,0.0
21,1,1.5735947842840687,6,0.41625,0.375,0.375,0,400,0,0,-0.0012932358076795936,428.44903564453125,1.1598695516586304,-0.00025677564553916454,0.0
22,1,6.021464740224474,6,0.425625,0.375,0.375,0,656,0,0,-0.0003070241364184767,6211.96484375,1.0749655961990356,0.0005088484031148255,0.0
23,1,4.434781201984151,6,0.43375,0.5,0.5,0,912,0,0,-0.0003364145231898874,3632.5771484375,1.1127275228500366,-0.0005303063080646098,0.0
24,1,3.2906607928016456,7,0.23625,0.25,0.375,0,168,0,0,-0.0009745725546963513,1665.824951171875,1.002297043800354,-0.0006996314623393118,0.0
25,1,3.9809944799053483,7,0.29375,0.5,0.5,0,424,0,0,-0.00024214510631281883,3022.223388671875,1.1270551681518555,0.00027174889692105353,0.0
26,1,6.005265374704322,7,0.346875,0.5,0.5,0,680,0,0,-0.001015232875943184,6527.0087890625,1.1228069067001343,-0.0001665129530010745,0.0
27,1,6.598991307939286,7,0.394375,0.5,0.5,0,936,0,0,-0.000574897974729538,7814.8671875,1.0067886114120483,8.180722215911373e-05,0.0
28,1,2.7532037302298704,8,0.216875,0.375,0.375,0,192,0,0,-0.0008172250236384571,1498.0013427734375,1.1351803541183472,0.00037187160342000425,0.0
29,1,0.5939371610002127,8,0.324375,0.5,0.5,0,448,0,0,-0.0016317255795001984,150.74557495117188,1.3315129280090332,-3.215259130229242e-05,0.0
30,1,1.924545403516504,8,0.415625,0.625,0.625,0,704,0,0,-0.0035857856273651123,737.318115234375,1.1869826316833496,0.0019569990690797567,0.0
31,1,3.8854615626405575,9,0.194375,0.125,0.125,0,118,0,0,0.0008681938052177429,3978.6015625,1.0288176536560059,-0.0007294475217349827,0.0
32,1,1.5856088902437477,9,0.448125,0.375,0.375,0,374,0,0,-0.002832811325788498,97.30448913574219,1.0433974266052246,-0.0019160304218530655,0.0
33,1,5.308716319654195,9,0.49375,0.375,0.375,0,630,0,0,-0.0029381010681390762,5499.435546875,1.081518292427063,0.003643893403932452,0.0
34,1,6.572928145295009,9,0.51,0.375,0.375,0,886,0,0,0.0005382274393923581,7723.75439453125,0.9784185290336609,0.0007063222001306713,0.0
35,1,3.1820763487776276,10,0.255,0.0,0.0,0,142,0,0,-0.0005647353827953339,2902.349853515625,0.8770628571510315,-0.00015063188038766384,0.0
36,1,0.41948620685434435,10,0.39375,0.0,0.0,0,398,0,0,-0.00144885980989784,248.43199157714844,0.8746166825294495,3.0028322726138867e-05,0.0
37,1,3.8789685185911367,10,0.54125,0.0,0.0,0,654,0,0,0.0007246037130244076,3166.270751953125,1.0102834701538086,-0.0007404065108858049,0.0
38,1,4.91800126695307,10,0.56625,0.0,0.0,0,910,0,0,-0.0006290723686106503,4591.19091796875,1.0971146821975708,7.935955181892496e-06,0.0
39,1,3.252470359730978,12,0.11625,0.25,0.25,0,158,0,0,-0.001014704816043377,2255.111572265625,1.0694420337677002,-1.667036303842906e-05,0.0
40,1,1.8856220753659727,12,0.479375,0.5,0.75,0,414,0,0,-0.0009776350343599916,323.5736083984375,1.1278891563415527,0.00024720156216062605,0.0
41,1,1.191006305937961,12,0.586875,0.75,0.875,0,670,0,0,-0.00567540293559432,31.84619903564453,1.0139751434326172,-0.0021331303287297487,0.0
42,1,4.468230632133782,12,0.64,0.875,0.875,0,926,0,0,0.0003700063971336931,4420.82958984375,1.0685018301010132,0.0021655429154634476,0.0
43,1,2.6223091257052147,13,0.24375,0.125,0.125,0,182,0,0,-0.001132755191065371,1359.910888671875,0.9890583157539368,0.000751325162127614,0.0
44,1,3.181914451324701,13,0.338125,0.125,0.25,0,438,0,0,-0.00013017158198636025,1789.4844970703125,1.166094183921814,-0.0005379354115575552,0.0
45,1,4.294877156527946,13,0.4125,0.375,0.375,0,694,0,0,-0.0006766307051293552,3817.521240234375,1.1084281206130981,-0.0011000162921845913,0.0
46,1,6.548082370922202,13,0.424375,0.375,0.375,0,950,0,0,0.0005491503397934139,7614.20068359375,0.9720819592475891,-0.00019238493405282497,0.0
47,1,2.4128843744911137,14,0.340625,0.0,0.0,0,206,0,0,-0.0003418388369027525,764.0504150390625,0.9103460311889648,-0.00036499593988992274,0.0
48,1,4.450454846581124,14,0.440625,0.0,0.0,0,462,0,0,0.0004034948942717165,3131.822265625,1.1961994171142578,0.0001719771680654958,0.0
49,1,5.52329306161846,14,0.47625,0.0,0.0,0,718,0,0,-0.00010075699537992477,5093.44482421875,1.1309785842895508,0.00011986066965619102,0.0
50,1,6.6184097439982,14,0.484375,0.0,0.0,0,974,0,0,-0.00011435399210313335,7787.1396484375,1.0148307085037231,-0.0001089779325411655,0.0
51,1,1.42005801940104,15,0.36375,0.0,0.25,0,230,0,0,-0.0011408881982788444,310.37432861328125,0.8306522369384766,-1.0309740900993347e-05,0.0
52,1,2.7547847097666818,15,0.514375,0.25,0.25,0,486,0,0,-0.0005169063806533813,1273.38232421875,1.0350899696350098,-0.00029361722408793867,0.0
53,1,6.63376359699032,15,0.52375,0.25,0.25,0,742,0,0,-0.0005050363834016025,7873.779296875,0.985584557056427,2.9479851946234703e-05,0.0
54,1,5.904308447716176,15,0.52375,0.25,0.25,0,998,0,0,-0.0005943396245129406,5925.583984375,1.0357623100280762,-0.00015877078112680465,0.0
55,1,1.8655240267762565,16,0.31625,0.25,0.375,0,254,0,0,-0.0008543971925973892,404.4388427734375,1.0713287591934204,6.353940261760727e-05,0.0
56,1,6.100716281122004,16,0.525,0.375,0.375,0,510,0,0,-0.00022351711231749505,6531.6533203125,1.0732783079147339,1.5821075066924095e-05,0.0
57,1,6.1274347436847165,16,0.56875,0.375,0.375,0,766,0,0,-0.0006777432863600552,6870.9833984375,1.058195948600769,0.00042815040796995163,0.0
58,1,6.266650125122396,17,0.034375,0.0,0.0,0,22,0,0,-0.0005297139286994934,6460.21826171875,0.9990425705909729,0.00019240821711719036,0.0
59,1,3.560845869506011,17,0.435,0.0,0.125,0,278,0,0,-0.00025393813848495483,2587.68017578125,1.1514972448349,-2.07400880753994e-05,0.0
60,1,1.7894419206349994,17,0.5225,0.25,0.25,0,534,0,0,-0.00042375922203063965,638.27197265625,1.2409498691558838,5.053596760262735e-05,0.0
61,1,4.35149200572414,17,0.576875,0.375,0.375,0,790,0,0,-0.0002908992173615843,3863.0146484375,1.0857479572296143,-7.228498725453392e-05,0.0
62,1,4.140002436659415,18,0.025,0.0,0.0,0,46,0,0,-0.000297042221063748,3073.64306640625,1.0672684907913208,0.00022771682415623218,0.0
63,1,1.6277908920455957,18,0.328125,0.25,0.25,0,302,0,0,-0.00087074312614277,160.7510986328125,1.0976072549819946,-0.0005731840501539409,0.0
64,1,6.728822290679091,18,0.393125,0.25,0.25,0,558,0,0,-0.0004111121816094965,8520.5224609375,1.0233721733093262,-9.817001409828663e-05,0.0
65,1,6.610181376396213,18,0.395,0.25,0.25,0,814,0,0,-7.077803456922993e-05,7787.49755859375,0.9695919156074524,0.00043256301432847977,0.0
66,1,5.305400737022865,19,0.15375,0.0,0.0,0,70,0,0,-0.00016551961016375571,6255.1298828125,0.87120121717453,-0.00015903652820270509,0.0
67,1,0.04589192815183196,19,0.278125,0.0,0.0,0,326,0,0,-0.0005029113963246346,308.8943786621094,0.7606604695320129,0.00017959873366635293,0.0
68,1,0.7674012012575986,19,0.50125,0.0,0.375,0,582,0,0,-0.0007823196356184781,217.30712890625,0.8451259732246399,-9.289104491472244e-05,0.0
69,1,1.977447657722223,19,0.67,0.5,0.625,0,838,0,0,-6.756434686394641e-06,487.29443359375,1.0612735748291016,8.038935629883781e-05,0.0
70,1,2.2122972948054667,20,0.2125,0.25,0.25,0,94,0,0,-0.0016899984329938889,540.7637939453125,1.100999355316162,-0.0008190511725842953,0.0
71,1,1.7321757869503926,20,0.523125,0.375,0.5,0,350,0,0,-0.0025788818020373583,317.00323486328125,1.0521680116653442,-0.00022435181017499417,0.0
72,1,3.103985227571684,20,0.6275,0.75,0.75,0,606,0,0,-0.00021191562700551003,1657.8885498046875,1.1298813819885254,-0.0013950405409559608,0.0
73,1,7.269733240435016,20,0.70125,0.75,0.75,0,862,0,0,-5.8688223361968994e-05,9654.052734375,0.8672614693641663,0.0005933533539064229,0.0
74,1,4.48673810960463,21,0.2125,0.0,0.125,0,118,0,0,0.000387570500606671,3562.402099609375,1.0335947275161743,-0.00021195015870034695,0.0
75,1,4.500485618598759,21,0.385625,0.125,0.125,0,374,0,0,-7.098168134689331e-05,4270.83203125,1.1181002855300903,0.00017561398271936923,0.0
76,1,6.597470475069713,21,0.399375,0.125,0.125,0,630,0,0,-0.000363936647772789,7572.3330078125,1.0151458978652954,2.9655717298737727e-05,0.0
77,1,3.3961381308035925,21,0.56875,0.25,0.25,0,886,0,0,-0.00023165407765191048,1982.218994140625,1.0577894449234009,0.0002961441350635141,0.0
78,1,3.6601579723937903,22,0.265625,0.0,0.125,0,142,0,0,-0.00020281101751606911,3242.974609375,0.8852761387825012,-3.382830254849978e-05,0.0
79,1,2.1492885554707755,22,0.43625,0.375,0.375,0,398,0,0,-0.0006093581323511899,730.23095703125,1.1299909353256226,0.0002785727847367525,0.0
80,1,5.474367159913527,22,0.4775,0.375,0.375,0,654,0,0,-0.0002581104636192322,5532.580078125,0.9473965764045715,7.573654875159264e-05,0.0
81,1,4.63385547058715,22,0.5375,0.5,0.5,0,910,0,0,0.0001368907542200759,4590.14013671875,1.0488539934158325,-0.00025462787016294897,0.0
82,1,2.726034457635251,23,0.325625,0.0,0.0,0,166,0,0,-0.0003983365895692259,2387.601318359375,0.8551170229911804,0.00016938925546128303,0.0
83,1,0.1392330370581476,23,0.4375,0.0,0.0,0,422,0,0,-0.00016890217375475913,283.8895263671875,0.8759921193122864,4.3879106669919565e-05,0.0
84,1,2.702698775139652,23,0.471875,0.0,0.0,0,678,0,0,-0.0002839118242263794,1894.6275634765625,0.9820621609687805,0.0002939139085356146,0.0
85,1,1.804956577361736,24,0.23875,0.0,0.0,0,195,0,0,-0.0006968329544179142,1582.880615234375,0.8914925456047058,0.0011838722275570035,0.0
86,1,0.33917711082904134,24,0.45375,0.0,0.125,0,451,0,0,0.0001383647322654724,235.8463592529297,0.9298251271247864,-0.0005031161126680672,0.0
87,1,1.6875318720412906,24,0.66,0.25,0.25,0,707,0,0,-0.0011661226162686944,482.1244812011719,1.0661333799362183,0.0008898908272385597,0.0
88,1,6.670420237700455,24,0.671875,0.25,0.25,0,963,0,0,-0.0002036529331235215,8558.578125,0.8148855566978455,-0.00013982078235130757,0.0
89,1,2.340450706979027,25,0.315,0.25,0.25,0,219,0,0,-0.0005162814632058144,667.8601684570312,1.1541274785995483,0.0002858146617654711,0.0
90,1,2.865907343068102,25,0.424375,0.5,0.5,0,475,0,0,-0.0004376197757665068,1210.442626953125,1.0563453435897827,0.0001765625347616151,0.0
91,1,3.877221264599939,25,0.515625,0.625,0.625,0,731,0,0,-7.443347567459568e-05,3010.02978515625,1.0995928049087524,6.71454836265184e-05,0.0
92,1,2.01345097302692,27,0.0275,0.0,0.0,0,88,0,0,-0.0007856525480747223,2550.27197265625,1.1501827239990234,0.00010076072067022324,0.0
93,1,2.368027798831463,27,0.439375,0.125,0.375,0,344,0,0,-0.001126826391555369,924.7880859375,1.103373408317566,0.000724512618035078,0.0
94,1,3.1955315021405113,27,0.62875,0.375,0.625,0,600,0,0,0.00023097296070773154,2485.602783203125,1.117735743522644,8.915612852433696e-05,0.0
95,1,4.902298530825647,27,0.701875,0.625,0.625,0,856,0,0,0.0001024006269290112,4811.9521484375,1.028714656829834,0.0001597418449819088,0.0
96,1,2.533766330430808,28,0.244375,0.0,0.0,0,112,0,0,-0.00026247152709402144,1732.398193359375,0.9657947421073914,0.00019166602578479797,0.0
97,1,0.7409972084715264,28,0.37375,0.0,0.0,0,368,0,0,-0.001136772334575653,145.41058349609375,0.9769637584686279,-0.00046567103709094226,0.0
98,1,2.6102950233907904,28,0.584375,0.25,0.25,0,624,0,0,-0.0006278331275098026,1049.92431640625,1.1391782760620117,0.0001490091235609725,0.0
99,1,5.286400882003363,28,0.66,0.25,0.375,0,880,0,0,-4.423658174346201e-05,6536.95849609375,0.9475715756416321,4.035203528474085e-05,0.0
100,1,3.7034914358628157,29,0.211875,0.125,0.125,0,136,0,0,-0.00025760880089364946,3469.85986328125,1.134112000465393,-7.690469647059217e-05,0.0
101,1,1.8440986664500087,29,0.553125,0.25,0.375,0,392,0,0,-0.00047355020069517195,522.966796875,0.9760639071464539,-8.033736230572686e-05,0.0
102,1,5.611406320414972,29,0.738125,0.375,0.375,0,648,0,0,6.855279207229614e-05,6667.78662109375,0.9962013363838196,0.00016122560191433877,0.0
103,1,6.827236281795194,29,0.75625,0.375,0.375,0,904,0,0,-0.00016954790044110268,8278.751953125,0.9248062968254089,-0.0001785319036571309,0.0
104,1,3.3684970016329316,30,0.37375,0.125,0.625,0,160,0,0,-0.0004778116417583078,2571.734619140625,0.9727889895439148,0.00044646221795119345,0.0
105,1,1.0254924874971039,30,0.568125,0.625,0.625,0,416,0,0,-0.00154545356053859,144.16558837890625,1.3096126317977905,0.0001456686295568943,0.0
106,1,4.256217928021215,30,0.656875,0.75,0.75,0,672,0,0,1.3999640941619873e-05,4550.76123046875,1.0501582622528076,0.0008701581973582506,0.0
107,1,3.265957574825734,32,0.14625,0.0,0.0,0,74,0,0,-0.00023566496383864433,2362.4072265625,1.065843939781189,8.136569522321224e-05,0.0
108,1,1.4624918163463008,32,0.548125,0.25,0.5,0,330,0,0,-0.0010196635266765952,151.48626708984375,0.9967546463012695,-5.69798658034415e-06,0.0
109,1,1.2637478166811889,32,0.69625,0.625,0.75,0,586,0,0,-0.0027183350175619125,253.60076904296875,1.228000521659851,-0.0005030867760069668,0.0
110,1,6.065005422511604,32,0.7425,0.75,0.75,0,842,0,0,0.0011170258512720466,7320.58544921875,0.9089112281799316,0.0003060440067201853,0.0
111,1,2.9931846884428523,33,0.23,0.0,0.125,0,98,0,0,0.0009791497141122818,2002.1512451171875,1.0617190599441528,-0.0003902666794601828,0.0
112,1,0.99533698945379,33,0.40625,0.375,0.375,0,354,0,0,-0.006607912480831146,93.564208984375,1.3016234636306763,-0.0007479151245206594,0.0
113,1,2.305654652780504,33,0.489375,0.5,0.625,0,610,0,0,0.00048386925482191145,1300.765380859375,1.172171711921692,0.0019525326788425446,0.009114583022892475
114,1,6.614234845910687,33,0.593125,0.625,0.625,0,866,0,0,9.044011676451191e-05,8563.041015625,0.8797264099121094,0.00017347047105431557,0.0
115,1,2.6435545478598215,34,0.2575,0.0,0.125,0,122,0,0,-0.002617854392156005,1482.311279296875,1.0648826360702515,0.0009279281948693097,0.0
116,1,3.6739868570730323,34,0.423125,0.25,0.25,0,378,0,0,0.0008835084736347198,2741.128173828125,1.1499468088150024,0.00196982454508543,0.0
117,1,6.374089031945914,34,0.4575,0.25,0.25,0,634,0,0,0.0006937719881534576,7077.775390625,0.9518189430236816,-0.0002952922077383846,0.0
118,1,7.188618725223932,34,0.4575,0.25,0.25,0,890,0,0,3.575037044356577e-05,9413.7607421875,0.8911805152893066,0.00021780934184789658,0.0
119,1,3.8069289668528654,35,0.26125,0.375,0.5,0,146,0,0,-8.817141497274861e-05,1820.9970703125,1.0293961763381958,0.00028627156279981136,0.0
120,1,3.216834004406792,35,0.4125,0.5,0.5,0,402,0,0,-2.197797039116267e-05,1997.6697998046875,1.1116604804992676,-3.9966387703316286e-05,0.0
121,1,6.4496285529312445,35,0.478125,0.5,0.5,0,658,0,0,-0.0002133821399183944,7532.94091796875,0.94300776720047,9.582548955222592e-05,0.0
122,1,6.283129018891486,35,0.535,0.5,0.5,0,914,0,0,-0.00022450431424658746,7050.1953125,0.9507918953895569,-0.00011320342309772968,0.0
123,1,4.2459041208494455,36,0.211875,0.25,0.25,0,170,0,0,4.1605282603995875e-05,2690.87548828125,0.9701316952705383,9.532269177725539e-05,0.0
124,1,4.1073600834643,36,0.335,0.25,0.375,0,426,0,0,-0.00016835704445838928,3270.934814453125,1.1438345909118652,3.2544758141739294e-05,0.0
125,1,6.528657182712777,36,0.5175,0.375,0.375,0,682,0,0,-0.00016181233513634652,7666.7490234375,0.9726147651672363,7.360521703958511e-05,0.0
126,1,7.231982977842563,36,0.52625,0.375,0.375,0,938,0,0,-0.00011468306183815002,9501.11328125,0.8781406283378601,-0.00015031189832370728,0.0
127,1,1.965914582284313,37,0.11125,0.25,0.25,0,194,0,0,-0.001553299487568438,1033.8046875,1.190090298652649,0.0006455305847339332,0.0
128,1,1.7288682815706125,38,0.155625,0.0,0.0,0,137,0,0,-0.004849797580391169,1406.213134765625,1.0461591482162476,-0.0006245525437407196,0.0
129,1,2.086469918656803,38,0.46,0.25,0.5,0,393,0,0,-0.0008838513749651611,459.4671630859375,1.157286524772644,0.006890790071338415,0.0052083334885537624
130,1,4.193495193787385,38,0.615,0.5,0.5,0,649,0,0,0.001122940331697464,3637.237548828125,0.9866973757743835,0.0013713556108996272,0.0
131,1,3.1315663428267726,38,0.675625,0.625,0.75,0,905,0,0,-0.0005911228363402188,1867.0960693359375,1.1745356321334839,0.001535544521175325,0.0
132,1,1.7336427279042255,39,0.23,0.375,0.5,0,161,0,0,-0.0008726408705115318,1046.0921630859375,1.1615902185440063,0.00046886480413377285,0.0
133,1,1.580035423670779,39,0.490625,0.75,0.75,0,417,0,0,-0.0009217687766067684,224.14898681640625,1.124263048171997,-0.0003946938959416002,0.0
134,1,2.87332929995182,39,0.50375,0.75,0.75,0,673,0,0,-0.002385248662903905,1660.1182861328125,1.2290295362472534,-8.55602920637466e-05,0.0
135,1,7.524342785938643,39,0.525625,0.75,0.75,0,929,0,0,0.000513758510351181,10329.2001953125,0.7905977368354797,-0.0005240947939455509,0.0
136,1,2.491717110387981,40,0.154375,0.125,0.125,0,185,0,0,-0.0005067512392997742,1836.263671875,1.0476126670837402,-0.00038190349005162716,0.0
137,1,2.5451131719692057,40,0.285,0.25,0.25,0,441,0,0,-0.0006265758420340717,1018.8154907226562,1.2225185632705688,-0.00010249981278320774,0.0
138,1,6.200512688286835,40,0.285,0.25,0.25,0,697,0,0,-0.0005671580438502133,7285.12890625,0.9362297058105469,0.00016120293003041297,0.0
139,1,6.244779676824692,40,0.448125,0.25,0.25,0,953,0,0,-0.00038321843021549284,6984.19677734375,0.9560756683349609,-0.00013638070959132165,0.0
140,1,1.7991044447699096,41,0.3475,0.0,0.125,0,209,0,0,-0.0016680522821843624,899.0504150390625,0.9644899368286133,0.0005610369262285531,0.0
141,1,1.4239288547523756,41,0.55375,0.5,0.5,0,465,0,0,-0.005562351550906897,184.39852905273438,1.2446086406707764,-7.001023186603561e-05,0.0
142,1,5.485433084657416,41,0.570625,0.5,0.5,0,721,0,0,-0.0015869321068748832,6442.263671875,0.8540781140327454,-0.0022666419390589,0.0
143,1,7.675172053917777,41,0.633125,0.5,0.5,0,977,0,0,-0.00018561507749836892,10934.7451171875,0.7261037230491638,-6.846307314845035e-06,0.0
144,1,2.4691117231268436,42,0.26125,0.0,0.125,0,233,0,0,-0.00024398912501055747,690.0762329101562,1.1235400438308716,0.0006041761371307075,0.0
145,1,1.3786787264743907,42,0.4475,0.375,0.5,0,489,0,0,-0.0022804662585258484,115.0838623046875,1.0410900115966797,0.0002251937985420227,0.0
146,1,1.1614053612988755,43,0.235,0.0,0.0,0,99,0,0,-0.0012015259126201272,980.1115112304688,1.1773128509521484,-0.00345020298846066,0.0
147,1,3.693562946136808,43,0.493125,0.125,0.5,0,355,0,0,-0.00140956521499902,2573.666015625,1.001090168952942,0.0005300917546264827,0.0
148,1,2.6520009144733194,43,0.54625,0.5,0.5,0,611,0,0,-0.00020912785839755088,1762.4515380859375,1.1401156187057495,-0.00031041158945299685,0.0
149,1,7.69409423446632,43,0.54875,0.5,0.5,0,867,0,0,-0.00017499178647994995,10924.9521484375,0.7311835289001465,-6.912012031534687e-05,0.0
150,1,4.192554128290794,44,0.251875,0.0,0.0,0,123,0,0,-5.216151475906372e-05,4855.38427734375,0.8462006449699402,-4.509929567575455e-05,0.0
151,1,0.9522711196477758,44,0.545625,0.125,0.25,0,379,0,0,-0.002229347126558423,93.62397003173828,1.074302315711975,0.0013543274253606796,0.0
152,1,1.3570452845524414,44,0.69125,0.5,0.625,0,635,0,0,-0.001119702123105526,74.30010223388672,1.0803496837615967,-0.000370111403753981,0.0
153,1,3.3203044882102404,44,0.7125,0.625,0.625,0,891,0,0,-5.460033662529895e-06,2927.631591796875,1.050308346748352,-0.0010455077281221747,0.0
154,1,3.736973587569082,45,0.275625,0.0,0.0,0,147,0,0,-0.00025381147861480713,3747.59423828125,0.8305454254150391,0.0006023129099048674,0.0
155,1,2.109051419651223,45,0.470625,0.25,0.25,0,403,0,0,-0.0007045517559163272,650.593994140625,1.07671058177948,0.00016882410272955894,0.0
156,1,7.404680290259421,45,0.48625,0.25,0.25,0,659,0,0,-0.000112683825136628,10093.5244140625,0.780177652835846,0.00020959445100743324,0.0
157,1,7.538934160606004,45,0.503125,0.25,0.25,0,915,0,0,-4.312396049499512e-05,10380.7734375,0.7342087626457214,8.971399074653164e-05,0.0
158,1,3.974407836969476,46,0.296875,0.0,0.125,0,171,0,0,-9.550402319291607e-05,2733.432373046875,1.033117413520813,4.629356044461019e-05,0.0
159,1,5.989812595100375,46,0.425,0.125,0.125,0,427,0,0,2.877941915357951e-05,7280.17626953125,0.9461381435394287,2.748255383266951e-06,0.0
160,1,7.117118460868369,46,0.47,0.125,0.125,0,683,0,0,-0.00015089164662640542,9153.7333984375,0.8498438000679016,3.5304808989167213e-05,0.0
161,1,6.94171011014987,46,0.480625,0.125,0.125,0,939,0,0,-0.00016799569129943848,8582.619140625,0.8516254425048828,5.439319647848606e-05,0.0
162,1,2.0530133740321617,47,0.328125,0.0,0.25,0,195,0,0,-0.0011610807850956917,1200.6849365234375,0.9436075091362,-0.0001800491736503318,0.0
163,1,1.3929177144455025,47,0.51125,0.25,0.25,0,451,0,0,-0.0018391646444797516,158.42176818847656,1.0974067449569702,0.0012472454691305757,0.0
164,1,6.081351123360946,47,0.609375,0.25,0.25,0,707,0,0,0.00014960549015086144,7142.72265625,0.845728874206543,0.00024012273934204131,0.0
165,1,7.189678098628065,47,0.63,0.25,0.25,0,963,0,0,0.00020895774650853127,9961.986328125,0.789927065372467,0.0005962935392744839,0.0
166,1,2.4478880751266843,48,0.288125,0.25,0.375,0,219,0,0,-0.0006958059966564178,738.959228515625,1.0009547472000122,0.0006646136753261089,0.0
167,1,3.822496531123761,48,0.438125,0.5,0.5,0,475,0,0,-0.0010449091205373406,2955.1796875,1.1066733598709106,0.0009667965932749212,0.0
168,1,7.085021203791257,48,0.464375,0.5,0.5,0,731,0,0,8.814440661808476e-05,9561.564453125,0.8489015102386475,-3.788566027651541e-05,0.0
169,1,3.2947208529076306,49,0.23,0.0,0.0,0,103,0,0,-0.00024667754769325256,4186.4853515625,0.9075661301612854,0.0003595763409975916,0.0
170,1,1.2379815484891878,49,0.51625,0.25,0.25,0,359,0,0,-0.0040735360234975815,84.4552993774414,1.1169265508651733,8.52708108141087e-05,0.0
171,1,2.5910684954651515,50,0.115,0.0,0.125,0,52,0,0,0.0003808028995990753,1655.1885986328125,1.024311900138855,0.0004942466621287167,0.0026041667442768812
172,1,1.3091093767957318,51,0.291875,0.25,0.25,0,164,0,0,-0.0007353660766966641,930.0302734375,1.1949620246887207,0.001209738664329052,0.0
173,1,4.043060704992968,51,0.54375,0.375,0.5,0,420,0,0,0.0003241816011723131,3842.172607421875,1.0204380750656128,0.0003621825890149921,0.0
174,1,6.95319712680066,51,0.56125,0.5,0.5,0,676,0,0,-0.00011651776731014252,9265.615234375,0.8685295581817627,0.00019431921828072518,0.0
175,1,3.124483030398551,51,0.689375,0.75,0.75,0,932,0,0,0.0003152719291392714,2289.85302734375,1.0229307413101196,0.00012009652709821239,0.0
176,1,1.7377212791568581,52,0.25375,0.125,0.25,0,188,0,0,-0.006056659389287233,378.7016296386719,1.1889970302581787,-0.0003054492699448019,0.0026041667442768812
177,1,6.029104989924235,52,0.343125,0.25,0.25,0,444,0,0,-0.0022898351307958364,7211.0390625,0.9091487526893616,0.0005358962225727737,0.0
178,1,3.61453913297737,53,0.24125,0.125,0.375,0,164,0,0,-0.0012745385756716132,2675.832275390625,0.8577443957328796,0.0012406808091327548,0.0
179,1,4.962513691791173,54,0.119375,0.125,0.125,0,67,0,0,-0.0005872100591659546,6114.19091796875,0.9862197041511536,0.00040426221676170826,0.0
180,1,3.2050714039251034,54,0.298125,0.375,0.375,0,323,0,0,-0.0004321585001889616,2124.3740234375,1.1094290018081665,0.0001402961352141574,0.0
181,1,7.318615713098552,55,0.025625,0.0,0.0,0,11,0,0,-5.327537655830383e-05,10308.1875,0.7319111227989197,-0.00034446921199560165,0.0
182,1,3.0856309963273816,55,0.25125,0.375,0.375,0,267,0,0,2.6129186153411865e-05,1249.6246337890625,1.1469348669052124,-0.0005111569189466536,0.0
183,1,2.59666469747026,55,0.405,0.625,0.625,0,523,0,0,-0.00015813919890206307,1222.155517578125,1.0958184003829956,0.00013122234668117017,0.0
184,1,7.7370136408135295,55,0.4125,0.625,0.625,0,779,0,0,-4.2355310142738745e-05,11154.830078125,0.6526731252670288,0.0001538343058200553,0.0
185,1,6.774188875278924,56,0.093125,0.0,0.0,0,35,0,0,1.4657775864179712e-05,9283.943359375,0.6474564671516418,3.7964124203426763e-05,0.0
186,1,2.953979224708746,56,0.36375,0.125,0.125,0,291,0,0,-0.00031239292002283037,1637.01025390625,1.005235195159912,0.00011930498294532299,0.0
187,1,7.1493902102374705,56,0.454375,0.125,0.125,0,547,0,0,-0.00012950848031323403,9711.234375,0.7560475468635559,6.478248542407528e-05,0.0
188,1,7.7522864593192935,56,0.46875,0.125,0.125,0,803,0,0,-8.037686347961426e-05,11062.94921875,0.6730494499206543,-8.059044489527878e-07,0.0
189,1,6.070492796745384,57,0.069375,0.0,0.0,0,59,0,0,-9.379535913467407e-05,8070.74169921875,0.7212502360343933,3.485288470983505e-05,0.0
190,1,0.5431636393623194,57,0.393125,0.0,0.25,0,315,0,0,-0.0005099549889564514,232.24569702148438,1.1519899368286133,-0.00012536067515611649,0.0
191,1,2.9020706554892968,57,0.485625,0.25,0.25,0,571,0,0,-0.0001375215797452256,1492.2994384765625,0.9936348795890808,0.00023341442283708602,0.0
192,1,5.358478383044712,57,0.58875,0.25,0.5,0,827,0,0,-3.0421962947002612e-05,6133.00537109375,0.7741336226463318,0.00018739800725597888,0.0
193,1,4.001917560090078,58,0.146875,0.0,0.0,0,83,0,0,-2.9166540116420947e-05,2202.967041015625,1.0355267524719238,-6.8596018536482e-05,0.0
194,1,2.834913668630179,58,0.53625,0.25,0.375,0,339,0,0,-7.568547880509868e-05,1836.7056884765625,1.0404853820800781,1.7462842151871882e-05,0.0
195,1,5.334873913678166,58,0.549375,0.375,0.375,0,595,0,0,-0.00012395034718792886,6891.27978515625,0.9285364151000977,6.673089228570461e-05,0.0
196,1,2.310231634452066,58,0.611875,0.5,0.625,0,851,0,0,-0.00036743408418260515,1368.634521484375,1.1669678688049316,5.845562554895878e-06,0.0
197,1,3.2087878813326824,59,0.185,0.25,0.5,0,107,0,0,-9.57221127464436e-05,2004.846435546875,0.9795220494270325,0.00014512722555082291,0.0
198,1,2.2518055448454106,59,0.358125,0.75,0.75,0,363,0,0,-0.00016878607857506722,516.4478149414062,0.9968344569206238,-8.69652722030878e-05,0.0
199,1,4.659368538255876,59,0.409375,0.875,0.875,0,619,0,0,4.797552901436575e-05,4594.08544921875,0.9059919714927673,-6.963320629438385e-05,0.0
200,1,7.645458867773414,59,0.41375,0.875,0.875,0,875,0,0,5.596627943305066e-06,10671.765625,0.6332326531410217,3.856063358398387e-06,0.0
201,1,4.7104581274907105,60,0.194375,0.125,0.125,0,131,0,0,-3.4072745620505884e-05,4406.8876953125,0.9205039143562317,-1.8940618247142993e-05,0.0
202,1,1.4362865950679407,60,0.5375,0.375,0.5,0,387,0,0,-0.00037832805537618697,175.3611602783203,1.1361432075500488,0.00020277178555261344,0.0
203,1,4.421425416308921,60,0.595625,0.5,0.5,0,643,0,0,-5.795682591269724e-05,5167.21142578125,0.9682138562202454,-4.492723383009434e-05,0.0
204,1,7.973747713491321,60,0.661875,0.5,0.5,0,899,0,0,-6.778786337235942e-05,11893.4111328125,0.6285787224769592,2.2016620278009214e-05,0.0
205,1,3.7448223668470746,61,0.294375,0.125,0.375,0,155,0,0,-0.00011621074372669682,2927.209228515625,0.8568405508995056,1.6564657926210202e-05,0.0
206,1,5.965071893162531,61,0.401875,0.375,0.375,0,411,0,0,2.335384488105774e-05,7734.9169921875,0.845568835735321,1.4801354154769797e-05,0.0
207,1,7.21357537820586,61,0.40875,0.375,0.375,0,667,0,0,-6.360001862049103e-05,9371.470703125,0.7051394581794739,4.6627286792499945e-05,0.0
208,1,7.7372637847438455,61,0.42875,0.375,0.375,0,923,0,0,-3.4332275390625e-05,11045.880859375,0.653935432434082,1.4055364772502799e-05,0.0
209,1,3.7884501543982196,62,0.249375,0.25,0.25,0,179,0,0,-4.054047167301178e-05,2504.71533203125,0.9731559157371521,2.9738526791334152e-05,0.0
210,1,5.4129965259708115,62,0.32125,0.25,0.25,0,435,0,0,-8.54035242809914e-05,5251.80078125,0.8850438594818115,5.2560197218554094e-05,0.0
211,1,7.311914108577184,62,0.344375,0.25,0.25,0,691,0,0,-4.3308984459144995e-05,10148.685546875,0.72002774477005,4.058781541971257e-06,0.0
212,1,4.945012005453464,62,0.526875,0.5,0.5,0,947,0,0,-7.473677396774292e-05,4761.791015625,0.8768806457519531,5.338030405255267e-06,0.0
213,1,2.648652219992073,64,0.135,0.0,0.0,0,84,0,0,-0.0016001127660274506,1737.13720703125,0.987775981426239,0.0003348187601659447,0.0
214,1,0.3279990828887094,64,0.305,0.0,0.0,0,340,0,0,4.8624973715050146e-05,300.69818115234375,1.260595440864563,0.0009119075839407742,0.0
215,1,3.6137561600335175,64,0.5425,0.125,0.125,0,596,0,0,0.00023811061691958457,2845.851806640625,0.9022612571716309,0.00020935448992531747,0.0
216,1,4.679629363017739,64,0.58,0.25,0.25,0,852,0,0,0.0002821187081281096,5667.0556640625,0.946738064289093,-0.0003399739507585764,0.0
217,1,5.803713635687018,65,0.215,0.5,0.5,0,108,0,0,-0.00011541694402694702,6232.0595703125,0.8118941187858582,0.00028872457914985716,0.0
218,1,2.0185909358260687,66,0.105625,0.0,0.0,0,50,0,0,-0.0004926261608488858,2099.549560546875,0.9952771067619324,-4.507989433477633e-05,0.0
219,1,1.3034720151044894,66,0.373125,0.25,0.25,0,306,0,0,-0.001526774256490171,111.65144348144531,1.1406062841415405,0.00021252881560940295,0.0
220,1,6.815569248399697,66,0.4,0.25,0.25,0,562,0,0,0.00048059769324027,8867.09765625,0.7552457451820374,-0.00022823021572548896,0.0
221,1,5.117310319968965,66,0.466875,0.375,0.5,0,818,0,0,-0.0008454049821011722,6173.640625,0.8969472050666809,0.0009735084604471922,0.0
222,1,5.22735060164996,67,0.148125,0.0,0.0,0,74,0,0,2.1569430828094482e-05,5612.11767578125,0.8436487317085266,-0.0003844471648335457,0.0
223,1,1.819823364392505,67,0.395,0.25,0.25,0,330,0,0,-0.00017189793288707733,405.4439697265625,1.1675615310668945,0.0004662425781134516,0.0
224,1,5.317905384094047,67,0.47625,0.375,0.375,0,586,0,0,0.00036796616041101515,5734.62744140625,0.920565664768219,9.492272511124611e-06,0.0
225,1,6.935588771513721,67,0.525,0.5,0.5,0,842,0,0,-0.00019329290080349892,8792.1884765625,0.7489565014839172,3.990950062870979e-06,0.0
226,1,5.242104805962299,68,0.201875,0.0,0.125,0,98,0,0,-9.129320824285969e-05,6219.0478515625,0.8517915606498718,2.8133470550528727e-05,0.0
227,1,4.0742524579691235,68,0.331875,0.125,0.125,0,354,0,0,1.889591476356145e-05,3583.349853515625,0.9799264073371887,-3.336540657983278e-06,0.0
228,1,4.33611551746435,69,0.22625,0.0,0.0,0,116,0,0,-2.680346369743347e-05,4766.150390625,0.9717195630073547,2.0024986952194013e-05,0.0
229,1,3.1184460539661814,70,0.040625,0.125,0.125,0,53,0,0,-0.0001030266284942627,1458.180419921875,1.0846410989761353,-4.476075991988182e-05,0.0
230,1,2.6293905033380724,70,0.365625,0.375,0.5,0,309,0,0,-0.0001397356390953064,1408.459716796875,1.1432973146438599,-1.6459342077723704e-05,0.0
231,1,5.558646499288443,70,0.41,0.5,0.5,0,565,0,0,-0.00014420349907595664,6878.232421875,0.8933749198913574,0.0001024705488816835,0.0
232,1,4.862598519246603,71,0.064375,0.0,0.0,0,102,0,0,-0.00017972663044929504,5907.6005859375,0.8986856937408447,7.675029337406158e-05,0.0
233,1,5.594446830811648,71,0.356875,0.0,0.0,0,358,0,0,-6.457480048993602e-05,6020.47021484375,0.9645420908927917,-1.5614399444530136e-06,0.0
234,1,4.964164047603845,72,0.12875,0.0,0.0,0,84,0,0,-0.00010294715320924297,6140.8701171875,0.9291257858276367,6.6577144934854005e-06,0.0
235,1,2.041778250306379,72,0.3525,0.0,0.0,0,340,0,0,-0.00024425238370895386,868.7188110351562,1.0445277690887451,7.877956522861496e-05,0.0
236,1,0.705432012800884,74,0.051875,0.0,0.0,0,36,0,0,-4.8058416723506525e-05,1095.1356201171875,1.1897386312484741,0.00012157376477262005,0.0
237,1,1.376511642607511,74,0.36625,0.0,0.0,0,292,0,0,-0.0015107989311218262,255.22869873046875,1.054628610610962,-0.0010378231527283788,0.0
238,1,6.472520464041963,74,0.53125,0.125,0.125,0,548,0,0,-0.0007795950514264405,8552.38671875,0.8468888401985168,0.0012926444178447127,0.0
239,1,3.823671176443895,75,0.250625,0.125,0.125,0,245,0,0,0.00033039101981557906,4020.2353515625,1.0699204206466675,-0.0006315154023468494,0.0
240,1,5.248680753444205,76,0.076875,0.0,0.25,0,44,0,0,2.545614961491083e-06,4906.283203125,0.9797148704528809,-5.1723094657063484e-05,0.0
241,1,1.353761058845521,77,0.18125,0.125,0.125,0,153,0,0,-0.0006272296304814517,989.5859375,1.2706378698349,0.0004129745939280838,0.0
242,1,2.255577804718996,77,0.31,0.25,0.375,0,409,0,0,-0.0003918806614819914,910.832275390625,1.127340316772461,-0.00016125687398016453,0.0
243,1,5.503118205902865,77,0.381875,0.5,0.5,0,665,0,0,-9.107341611525044e-05,6617.85546875,0.9076380133628845,0.0002064724249066785,0.0
244,1,2.3227943872552714,78,0.241875,0.125,0.125,0,172,0,0,-0.00016475592565257102,1396.1109619140625,1.1416584253311157,-0.00012189165136078373,0.0
245,1,2.233162829783396,78,0.326875,0.125,0.125,0,428,0,0,-0.0005959036643616855,1202.920166015625,1.1941319704055786,-0.0004804748168680817,0.0
246,1,7.0782358654541895,78,0.356875,0.125,0.125,0,684,0,0,-0.00020860445511061698,9594.8310546875,0.7159101366996765,0.00014489733439404517,0.0
247,1,4.994548300976021,79,0.208125,0.25,0.25,0,178,0,0,-0.00015635199088137597,3880.97607421875,0.9634786248207092,-8.345540845766664e-05,0.0
248,1,5.072282857741811,79,0.400625,0.375,0.375,0,434,0,0,9.486265480518341e-05,4794.92626953125,0.9339397549629211,0.00012879881251137704,0.0
249,1,4.9444028424913995,79,0.50125,0.625,0.625,0,690,0,0,4.5655917347176e-05,4968.66552734375,0.8690853714942932,-1.6160853192559443e-05,0.0
250,1,7.844153193407692,79,0.52125,0.625,0.625,0,946,0,0,-2.245977520942688e-05,11257.1923828125,0.6438488364219666,-2.049825525318738e-05,0.0
251,1,2.628567474283045,80,0.329375,0.0,0.0,0,202,0,0,-0.00038823546492494643,1294.7852783203125,1.0515480041503906,-1.0116025805473328e-05,0.0
252,1,3.5033769442379707,80,0.44625,0.125,0.125,0,458,0,0,-0.0003110425022896379,1453.1219482421875,0.9921830296516418,0.00018552861001808196,0.0
253,1,7.573824207705911,80,0.45375,0.125,0.125,0,714,0,0,6.0300033510429785e-05,10767.2685546875,0.6659219264984131,-8.968636393547058e-06,0.0
254,1,7.827364916040096,80,0.460625,0.125,0.125,0,970,0,0,-1.7502656191936694e-05,11170.2255859375,0.6115472912788391,5.828185749123804e-05,0.0
255,1,2.3353297694357025,81,0.2825,0.25,0.25,0,226,0,0,-0.0005665545468218625,738.2109985351562,1.1691476106643677,-0.0004835495783481747,0.0
256,1,6.908888670615852,81,0.4175,0.25,0.5,0,482,0,0,-0.00016564999532420188,8924.107421875,0.8165417313575745,-5.699244138668291e-05,0.0
257,1,2.2480051996317343,81,0.445625,0.5,0.5,0,738,0,0,-0.00015054643154144287,1031.343505859375,0.9808469414710999,-0.00011064655700465664,0.0
258,1,7.5022873104171595,81,0.455625,0.5,0.5,0,994,0,0,-0.00024555716663599014,10439.6083984375,0.62795090675354,0.00014134333468973637,0.0
259,1,1.0599630837677978,82,0.2875,0.25,0.25,0,250,0,0,-0.00039657516754232347,404.9732666015625,1.2130879163742065,2.041769448624109e-06,0.0
260,1,4.238453941739863,82,0.32625,0.25,0.25,0,506,0,0,-8.364891255041584e-05,3689.0830078125,0.9953968524932861,-6.903157191118225e-05,0.0
261,1,2.6474743493599817,83,0.20125,0.0,0.25,0,238,0,0,-0.00033149062073789537,1704.007568359375,0.9797082543373108,0.00014339324843604118,0.0
262,1,3.484135542439617,83,0.43375,0.375,0.375,0,494,0,0,-0.00015141069889068604,3054.6513671875,1.062463641166687,2.243625931441784e-05,0.0
263,1,7.501283145393245,83,0.4425,0.375,0.375,0,750,0,0,-7.823234045645222e-05,10255.3623046875,0.6865041851997375,2.7888454496860504e-06,0.0
264,1,7.533227899519261,84,0.01625,0.0,0.0,0,6,0,0,-0.0001472098083468154,10293.35546875,0.6490271687507629,2.2180922314873897e-05,0.0
265,1,1.7521140156750334,85,0.21,0.125,0.375,0,255,0,0,-0.0005145358736626804,617.6953125,1.1749845743179321,-0.00026021889061667025,0.0
266,1,2.298545157784247,85,0.369375,0.625,0.625,0,511,0,0,-0.00030324235558509827,682.0913696289062,1.1656875610351562,0.00036506992182694376,0.0
267,1,1.782512326608412,86,0.29,0.25,0.375,0,216,0,0,-0.00698673352599144,670.9388427734375,1.0661906003952026,0.0013309699716046453,0.013020833022892475
268,1,2.938071114175955,86,0.430625,0.5,0.5,0,472,0,0,-0.003974750638008118,2561.009765625,1.1574604511260986,0.0067056529223918915,0.0
269,1,8.03448093123734,86,0.5075,0.5,0.5,0,728,0,0,0.00023967151355464011,11904.0634765625,0.6223101019859314,0.00047583412379026413,0.0
270,1,7.952019267715514,86,0.511875,0.5,0.5,0,984,0,0,-1.2725591659545898e-05,11628.17578125,0.5801300406455994,-0.00019799840811174363,0.0
271,1,2.1111351225554245,88,0.26625,0.375,0.5,0,224,0,0,-0.004003352019935846,804.3313598632812,1.1573076248168945,0.0017737714806571603,0.0
272,1,4.940393333708926,88,0.37875,0.5,0.5,0,480,0,0,-0.0004888207768090069,5375.21630859375,0.884959876537323,0.00027415179647505283,0.0
273,1,7.736352645239094,88,0.423125,0.5,0.5,0,736,0,0,-0.00021218694746494293,10867.10546875,0.6652193665504456,0.00017176925030071288,0.0
274,1,5.279335896571865,88,0.5725,0.625,0.625,0,992,0,0,-0.00013775874685961753,5428.15966796875,0.8966862559318542,-4.174909554421902e-05,0.0
275,1,2.303680117474869,89,0.239375,0.0,0.0,0,248,0,0,-0.0008494481444358826,1191.456298828125,1.0760283470153809,0.0003322838747408241,0.0
276,1,0.4629710317822173,90,0.26625,0.0,0.125,0,253,0,0,-0.00035866288817487657,387.1580505371094,1.1893552541732788,1.2771536603395361e-05,0.0
277,1,4.330266362016118,90,0.4075,0.25,0.25,0,509,0,0,0.000157763555762358,4152.375,1.0083028078079224,-0.00014971948985476047,0.0
278,1,4.612847945574686,90,0.545,0.5,0.625,0,765,0,0,-0.0001387844531564042,4251.91064453125,0.9569144248962402,-0.0002469933533575386,0.0
279,1,5.967809695459437,91,0.024375,0.0,0.0,0,21,0,0,-0.00010563433170318604,7536.017578125,0.8235527873039246,-1.9007749870070256e-05,0.0
280,1,1.0590506354665195,92,0.169375,0.125,0.25,0,89,0,0,-0.00028484067297540605,891.1943969726562,1.2236651182174683,-0.0002036352379946038,0.0
281,1,1.684222378738923,92,0.426875,0.375,0.625,0,345,0,0,-0.00019238206732552499,280.7577819824219,1.0937402248382568,-9.96182207018137e-05,0.0
282,1,1.4678370189503767,92,0.5175,0.75,0.875,0,601,0,0,-0.0010053360601887107,355.4042053222656,1.229380488395691,0.0003930625971406698,0.0
283,1,6.239027255156543,92,0.57875,0.875,0.875,0,857,0,0,0.0005377912893891335,8095.76513671875,0.8111577033996582,-0.0003128279931843281,0.0
284,1,4.30101437477424,93,0.2,0.0,0.125,0,113,0,0,0.0003107053635176271,3855.47216796875,0.8929381370544434,-0.00024919575662352145,0.0
285,1,3.083418000864185,93,0.400625,0.25,0.25,0,369,0,0,-2.514570951461792e-05,1783.1920166015625,1.1137982606887817,4.826664735446684e-05,0.0
286,1,5.715398388419999,93,0.55625,0.25,0.375,0,625,0,0,-0.00020770977425854653,6603.74853515625,0.815101146697998,8.446785614069086e-06,0.0
287,1,3.0486616352864075,93,0.575625,0.375,0.375,0,881,0,0,5.2039820729987696e-05,1465.205078125,1.1193698644638062,-0.00017334141011815518,0.0
288,1,3.787880418050918,94,0.155625,0.0,0.0,0,137,0,0,-7.142871618270874e-05,4278.4052734375,0.9396651387214661,1.2059851542289834e-05,0.0
289,1,1.91032478496345,94,0.46125,0.625,0.75,0,393,0,0,-0.00036131683737039566,310.2145690917969,1.0141583681106567,-1.3617488548334222e-05,0.0
290,1,5.103443441734271,94,0.498125,0.75,0.75,0,649,0,0,8.884817361831665e-06,6154.23828125,0.8320074081420898,-4.87727411382366e-05,0.0
291,1,8.02088082768023,94,0.54,0.75,0.75,0,905,0,0,-4.560624438454397e-05,11838.2158203125,0.5726609826087952,-5.1497481763362885e-05,0.0
292,1,3.564807682800165,95,0.210625,0.0,0.25,0,161,0,0,-0.0002143997699022293,3319.626708984375,0.9207237362861633,9.29931047721766e-05,0.0
293,1,4.135193380527198,95,0.4525,0.5,0.625,0,417,0,0,-0.00016386558127123863,3206.5537109375,0.9090490341186523,-1.893448643386364e-05,0.0
294,1,2.3246448998252163,95,0.519375,0.75,0.75,0,673,0,0,-0.00024021323770284653,1128.207763671875,1.1637983322143555,-4.607105438481085e-05,0.0
295,1,6.738951440900564,95,0.5425,0.75,0.75,0,929,0,0,-0.00030094353132881224,8997.552734375,0.6869239807128906,0.00019724438607227057,0.0
296,1,3.7743434153162525,96,0.233125,0.0,0.125,0,185,0,0,-2.5140121579170227e-05,2565.1064453125,1.00088369846344,-3.624571763793938e-05,0.0
297,1,2.273416153038852,96,0.4125,0.375,0.375,0,441,0,0,-0.0005988677148707211,653.9794921875,1.0604451894760132,0.0006751830806024373,0.0
298,1,4.944578836555593,96,0.5025,0.375,0.5,0,697,0,0,0.00013911972928326577,6343.056640625,0.8622549176216125,-0.00034868399961851537,0.0
299,1,6.263308407076693,96,0.63375,0.5,0.5,0,953,0,0,2.49578934017336e-05,8401.509765625,0.7563896179199219,-0.00018466946494299918,0.0
300,1,3.320016041103983,97,0.378125,0.125,0.25,0,209,0,0,-0.00048160614096559584,1498.224853515625,1.0938167572021484,0.0006834504310972989,0.0
