update,scenario,env_mode,rollout_reward_mean,episode_count,coverage_ratio,inspection_success_rate,target_detection_rate,mission_success,mission_time,collision_count,invalid_action_count,policy_loss,value_loss,entropy,approx_kl,clip_fraction
1,1,capability_aware,-0.06623644364594838,2,0.05,0.0,0.0,0,63,0,0,-0.011777381412684917,311.34503173828125,1.7313731908798218,0.0059756748378276825,0.0325520820915699
2,1,capability_aware,0.372721236504276,3,0.060625,0.0,0.0,0,41,0,0,-0.0021150559186935425,220.12088012695312,1.7608731985092163,-0.003329576225951314,0.0
3,1,capability_aware,-0.27294908457656675,5,0.0125,0.0,0.0,0,39,0,0,-0.005605817306786776,195.886474609375,1.7441452741622925,0.003185679204761982,0.0
4,1,capability_aware,1.2764647648830305,5,0.043125,0.0,0.0,0,295,0,0,-0.005601393524557352,629.708251953125,1.7229026556015015,0.00297827017493546,0.0
5,1,capability_aware,0.9697904057684354,7,0.041875,0.0,0.0,0,56,0,0,-0.00044680084101855755,380.44854736328125,1.7056280374526978,0.0013024345971643925,0.0
6,1,capability_aware,-0.6198142690946042,9,0.0175,0.0,0.0,0,53,0,0,-0.0027880631387233734,171.13552856445312,1.675667405128479,0.00010023902723332867,0.0
7,1,capability_aware,-0.6994736695633037,11,0.036875,0.0,0.0,0,145,0,0,-0.003749254159629345,155.54014587402344,1.6831468343734741,0.005624506622552872,0.0
8,1,capability_aware,-0.6222646550650097,13,0.01375,0.0,0.0,0,6,0,0,-0.002769448794424534,186.52871704101562,1.6518059968948364,-0.0010541420197114348,0.0
9,1,capability_aware,-0.07110209862003103,14,0.0325,0.0,0.0,0,152,0,0,-0.007265410386025906,201.35015869140625,1.6938858032226562,-0.000899959821254015,0.0
10,1,capability_aware,-0.5320838656334672,18,0.061875,0.0,0.125,0,27,0,0,-0.005790248513221741,309.0279235839844,1.6913681030273438,0.002337567275390029,0.0
11,1,capability_aware,-0.1340286947961431,21,0.0675,0.0,0.0,0,106,0,0,-0.0055117299780249596,229.44134521484375,1.6809569597244263,0.005403496325016022,0.0
12,1,capability_aware,-0.3294922484928975,22,0.051875,0.0,0.0,0,98,0,0,-0.0037572840228676796,101.99339294433594,1.6854690313339233,0.0007434009457938373,0.0
13,1,capability_aware,-0.0359130799297418,23,0.05125,0.0,0.125,0,149,0,0,-0.0027440814301371574,116.3792495727539,1.6656101942062378,0.000214917425182648,0.0
14,1,capability_aware,-0.4077921864718519,24,0.01625,0.0,0.0,0,39,0,0,-0.0032121483236551285,84.4703140258789,1.6769381761550903,-0.0023223101161420345,0.0
15,1,capability_aware,-0.27488606778206304,24,0.05875,0.0,0.0,0,295,0,0,-0.003942121751606464,23.80367660522461,1.660264015197754,0.00257979822345078,0.0
16,1,capability_aware,0.31967997667743475,25,0.015625,0.0,0.0,0,79,0,0,-0.007901684381067753,181.4584503173828,1.6272478103637695,0.0014759415062144399,0.0
17,1,capability_aware,-0.11768627679975907,25,0.094375,0.0,0.125,0,335,0,0,0.0003125537186861038,108.372802734375,1.5904847383499146,-0.0009933406254276633,0.0
18,1,capability_aware,-0.175719735394523,25,0.158125,0.0,0.125,0,591,0,0,-0.008031909354031086,11.16152572631836,1.6082607507705688,0.0036468952894210815,0.0
19,1,capability_aware,-0.16452273067261558,25,0.19,0.0,0.125,0,847,0,0,-0.015994606539607048,11.456448554992676,1.6136430501937866,0.005221407860517502,0.1354166716337204
20,1,capability_aware,0.009291898255469278,27,0.02,0.0,0.0,0,48,0,0,0.008838198147714138,189.2948455810547,1.624800682067871,0.0011924748541787267,0.0
21,1,capability_aware,0.6738586957762891,27,0.1825,0.0,0.25,0,304,0,0,-0.0050358520820736885,240.53933715820312,1.6595640182495117,0.0009186062961816788,0.0
22,1,capability_aware,-0.17728499099393957,31,0.0325,0.0,0.125,0,29,0,0,-0.004535062238574028,287.0909423828125,1.6311817169189453,0.0008496493683196604,0.0
23,1,capability_aware,0.2948920978451497,33,0.06625,0.0,0.125,0,80,0,0,-0.0027025516610592604,286.4940185546875,1.6399418115615845,0.0025103252846747637,0.0
24,1,capability_aware,0.29063700044662255,33,0.15875,0.0,0.25,0,336,0,0,-0.007539090234786272,59.27570343017578,1.651526927947998,3.4219974622828886e-05,0.0
25,1,capability_aware,0.08192254669302201,33,0.175,0.0,0.25,0,592,0,0,0.00042056525126099586,11.719125747680664,1.6214464902877808,0.004815514665096998,0.0
26,1,capability_aware,0.34094188245217083,33,0.191875,0.125,0.25,0,848,0,0,-0.02053646557033062,59.901344299316406,1.616965651512146,0.006286177784204483,0.1223958358168602
27,1,capability_aware,0.4833403358279611,34,0.03375,0.0,0.0,0,104,0,0,-0.0033044815063476562,90.47127532958984,1.554613471031189,0.004159166943281889,0.2330729216337204
28,1,capability_aware,0.4823039832190261,34,0.274375,0.0,0.125,0,360,0,0,-0.00016059307381510735,114.6473617553711,1.4723454713821411,0.011329114437103271,0.0
29,1,capability_aware,0.03606893998050964,34,0.370625,0.0,0.125,0,616,0,0,-0.006630045361816883,7.039922714233398,1.3977742195129395,0.005237068980932236,0.0
30,1,capability_aware,-0.14574055693719856,34,0.39375,0.0,0.125,0,872,0,0,-0.00624772347509861,6.264988899230957,1.3372195959091187,0.0051739951595664024,0.0
31,1,capability_aware,0.31765059935969475,35,0.066875,0.125,0.25,0,128,0,0,-0.0010880772024393082,150.94129943847656,1.317531943321228,0.003087876597419381,0.0
32,1,capability_aware,-0.08100875719537726,35,0.153125,0.125,0.25,0,384,0,0,-0.001199925784021616,2.127821922302246,1.2939904928207397,0.0031886473298072815,0.0677083358168602
33,1,capability_aware,0.010875750253944716,35,0.295625,0.125,0.25,0,640,0,0,-0.0017437711358070374,4.470335483551025,1.2254116535186768,0.0011185127077624202,0.078125
34,1,capability_aware,0.0519795323116341,35,0.433125,0.125,0.25,0,896,0,0,0.0008199024014174938,6.212944984436035,1.2428227663040161,-0.0014272398548200727,0.0
35,1,capability_aware,0.4507203666453279,36,0.223125,0.0,0.125,0,152,0,0,0.0007195165380835533,187.5209503173828,1.2431272268295288,0.001621164963580668,0.0
36,1,capability_aware,0.4448368792709516,37,0.251875,0.0,0.25,0,178,0,0,-0.000476333312690258,188.30967712402344,1.2616177797317505,-0.0008589173667132854,0.0
37,1,capability_aware,0.23870046253705368,37,0.515,0.0,0.625,0,434,0,0,-0.004659261554479599,59.083778381347656,1.246806025505066,0.0010707257315516472,0.0
38,1,capability_aware,0.002388459873145621,37,0.565625,0.0,0.625,0,690,0,0,-0.009385154582560062,2.0486702919006348,1.3164968490600586,0.005013735499233007,0.1341145783662796
39,1,capability_aware,0.08824974171693611,37,0.575625,0.0,0.75,0,946,0,0,-0.0019399677403271198,22.8909854888916,1.422011375427246,0.015912901610136032,0.1666666716337204
40,1,capability_aware,0.6583608537002874,39,0.334375,0.0,0.25,0,181,0,0,0.0008813701570034027,259.20587158203125,1.4535002708435059,0.002801923081278801,0.0
41,1,capability_aware,0.22055624840777455,39,0.521875,0.0,0.25,0,437,0,0,-0.012584922835230827,14.08177375793457,1.5038713216781616,0.006107753608375788,0.0
42,1,capability_aware,0.24280090344382188,39,0.59875,0.0,0.375,0,693,0,0,-0.02657419815659523,17.724220275878906,1.530187964439392,0.00871269591152668,0.3997395932674408
43,1,capability_aware,0.3242368705905392,39,0.676875,0.0,0.5,0,949,0,0,-0.015004964545369148,34.53995895385742,1.5365365743637085,0.007527913432568312,0.40234375
44,1,capability_aware,0.3755538717232412,40,0.10125,0.0,0.125,0,205,0,0,-0.001208653673529625,106.19834899902344,1.5061596632003784,0.0026390906423330307,0.0
45,1,capability_aware,0.5594965106520249,40,0.393125,0.0,0.375,0,461,0,0,0.00016936101019382477,111.06472778320312,1.5442800521850586,0.000427258521085605,0.0
46,1,capability_aware,0.13328990646550665,40,0.421875,0.0,0.375,0,717,0,0,-0.006816349923610687,7.288269519805908,1.5394282341003418,0.0041700429283082485,0.0
47,1,capability_aware,0.2716464250106583,40,0.56125,0.0,0.5,0,973,0,0,-0.007399946451187134,25.992389678955078,1.5291959047317505,0.0048071821220219135,0.0442708320915699
48,1,capability_aware,0.09262956602469785,42,0.083125,0.0,0.0,0,116,0,0,0.0009955009445548058,151.60311889648438,1.4900250434875488,0.0031885597854852676,0.0
49,1,capability_aware,0.27168930476841524,42,0.258125,0.0,0.125,0,372,0,0,-0.0018665599636733532,19.376117706298828,1.5117813348770142,-0.000989333144389093,0.0
50,1,capability_aware,0.20179194115189603,42,0.39125,0.0,0.125,0,628,0,0,-0.010204941034317017,15.615793228149414,1.531693935394287,0.0021690705325454473,0.0
51,1,capability_aware,0.08406566765916068,42,0.398125,0.0,0.125,0,884,0,0,-0.005434980150312185,2.5516364574432373,1.5202239751815796,0.0022725907620042562,0.0
52,1,capability_aware,0.34605839882442524,43,0.10875,0.0,0.125,0,140,0,0,0.0007552113384008408,76.97726440429688,1.4820643663406372,0.0020755936857312918,0.0
53,1,capability_aware,0.4836714587327151,43,0.22625,0.0,0.375,0,396,0,0,0.0009146695956587791,113.48651885986328,1.493589997291565,-0.000906073662918061,0.0
54,1,capability_aware,0.4187813894277497,43,0.270625,0.0,0.375,0,652,0,0,-0.004466919228434563,46.221004486083984,1.499942421913147,3.696310523082502e-05,0.0
55,1,capability_aware,0.39005711412391975,43,0.42,0.0,0.5,0,908,0,0,-0.006690524984151125,46.42303466796875,1.5078736543655396,0.0004884676891379058,0.0
56,1,capability_aware,0.3774723058022573,44,0.0775,0.0,0.0,0,164,0,0,-0.012438567355275154,95.18749237060547,1.463549256324768,0.0023789869155734777,0.1692708283662796
57,1,capability_aware,0.2543097200759803,45,0.306875,0.0,0.125,0,249,0,0,0.0007905401289463043,102.01771545410156,1.454490065574646,0.00429297611117363,0.0
58,1,capability_aware,0.08214035306446021,46,0.01375,0.0,0.0,0,5,0,0,-0.001785394735634327,34.81967544555664,1.4649637937545776,-0.002437995746731758,0.0
59,1,capability_aware,0.3827800097187719,46,0.264375,0.0,0.0,0,261,0,0,-0.007796533405780792,40.38475036621094,1.4346076250076294,0.0017410573782399297,0.0
60,1,capability_aware,0.3375115401358926,46,0.43125,0.0,0.125,0,517,0,0,-0.00023814942687749863,67.72804260253906,1.4984445571899414,0.004669640678912401,0.0065104165114462376
61,1,capability_aware,0.7203651724630618,46,0.49125,0.0,0.5,0,773,0,0,-0.0018316032364964485,281.93994140625,1.5067375898361206,0.004087158944457769,0.0
62,1,capability_aware,0.4422075969459911,47,0.066875,0.0,0.0,0,29,0,0,-0.0019406229257583618,27.493200302124023,1.4495735168457031,0.004443752579391003,0.0
63,1,capability_aware,0.4502551145706093,47,0.2875,0.0,0.125,0,285,0,0,-0.01859774999320507,51.66065979003906,1.4750274419784546,0.005112462677061558,0.08203125
64,1,capability_aware,0.8397160656386404,48,0.256875,0.0,0.5,0,200,0,0,-0.0054159946739673615,361.6104431152344,1.4585107564926147,0.004205682780593634,0.013020833022892475
65,1,capability_aware,0.43560872170996845,48,0.396875,0.0,0.5,0,456,0,0,-0.0013934047892689705,52.62017822265625,1.4441113471984863,0.008657163940370083,0.0
66,1,capability_aware,0.04681036710644548,49,0.079375,0.0,0.0,0,87,0,0,-0.006897475104779005,63.6573486328125,1.4277082681655884,-0.0013496059691533446,0.0
67,1,capability_aware,0.8061386942199533,49,0.275625,0.0,0.25,0,343,0,0,-0.0015820050612092018,266.1837463378906,1.4188429117202759,-0.0005269323592074215,0.0
68,1,capability_aware,0.15028366252954584,49,0.299375,0.0,0.25,0,599,0,0,-0.0005229683592915535,4.717311859130859,1.47639799118042,0.006503091659396887,0.1302083283662796
69,1,capability_aware,0.24546981963067083,49,0.39125,0.0,0.375,0,855,0,0,-0.002958409022539854,37.77880096435547,1.491571307182312,0.009928959421813488,0.1809895783662796
70,1,capability_aware,0.8379901028838503,50,0.175,0.0,0.25,0,111,0,0,-0.005210611969232559,342.6191711425781,1.4550424814224243,0.007073134183883667,0.0
71,1,capability_aware,0.6024758038302025,50,0.375625,0.0,0.375,0,367,0,0,0.001189890317618847,94.20756530761719,1.478350043296814,0.0005914151552133262,0.0
72,1,capability_aware,0.2827621726452776,50,0.394375,0.0,0.375,0,623,0,0,0.000310325063765049,17.97822380065918,1.4932578802108765,0.000608724367339164,0.0
73,1,capability_aware,0.3631293034436567,50,0.435625,0.0,0.375,0,879,0,0,-0.003366409335285425,44.46806716918945,1.4894331693649292,0.010914941318333149,0.0
74,1,capability_aware,0.22030331603673403,51,0.161875,0.0,0.0,0,135,0,0,0.0014063562266528606,17.30558204650879,1.452415108680725,0.004831257741898298,0.0
75,1,capability_aware,0.6670020669334917,51,0.370625,0.0,0.25,0,391,0,0,-0.0019150422886013985,111.41110229492188,1.4432291984558105,0.002513293409720063,0.0
76,1,capability_aware,0.4715904098338797,51,0.535625,0.0,0.375,0,647,0,0,-0.013508056290447712,60.685882568359375,1.4549407958984375,0.0038991544861346483,0.0
77,1,capability_aware,0.3024442382447887,51,0.606875,0.0,0.625,0,903,0,0,-0.009376678615808487,17.83607292175293,1.450791835784912,-0.0006405037711374462,0.01171875
78,1,capability_aware,0.6863389774268285,52,0.256875,0.0,0.375,0,159,0,0,-0.007879035547375679,149.30026245117188,1.3948707580566406,0.008691818453371525,0.0442708320915699
79,1,capability_aware,0.5089775280084723,52,0.41,0.0,0.5,0,415,0,0,0.008723307400941849,58.571834564208984,1.3815850019454956,0.0009344729478470981,0.0
80,1,capability_aware,0.4442008730766247,52,0.49375,0.0,0.75,0,671,0,0,-0.002874155528843403,44.32835388183594,1.412591576576233,0.0009534217533655465,0.0
81,1,capability_aware,0.4071785606561207,52,0.49875,0.125,0.75,0,927,0,0,-0.0031701894477009773,68.90940856933594,1.4338092803955078,0.003925307188183069,0.0
82,1,capability_aware,0.6508010156649107,54,0.085625,0.0,0.125,0,59,0,0,-0.0006560487672686577,288.7290954589844,1.2837823629379272,0.002541070571169257,0.0
83,1,capability_aware,-0.23546443533996353,57,0.076875,0.0,0.0,0,106,0,0,-0.00060411193408072,151.11334228515625,1.3118705749511719,0.001293514738790691,0.0
84,1,capability_aware,0.723442470000009,57,0.253125,0.0,0.25,0,362,0,0,0.00039115315303206444,264.2666320800781,1.3593543767929077,0.003839462762698531,0.0
85,1,capability_aware,0.17970256432272436,57,0.29,0.125,0.25,0,618,0,0,-0.0020531718619167805,20.458873748779297,1.3602396249771118,0.0010686632012948394,0.0
86,1,capability_aware,0.1550720394237146,57,0.4775,0.125,0.25,0,874,0,0,0.0003171502612531185,6.168554782867432,1.4055317640304565,-0.0006037984858267009,0.0
87,1,capability_aware,1.0065178657805518,59,0.131875,0.0,0.125,0,123,0,0,-0.0024860273115336895,315.21624755859375,1.1933622360229492,0.002275686478242278,0.0
88,1,capability_aware,0.6003957614320825,59,0.451875,0.0,0.25,0,379,0,0,0.002315719611942768,99.30177307128906,1.3606525659561157,-0.00029741786420345306,0.0
89,1,capability_aware,0.45869540670582865,59,0.545625,0.0,0.25,0,635,0,0,-0.0032052691094577312,39.793182373046875,1.406962513923645,0.0014266114449128509,0.0
90,1,capability_aware,0.39452697412434645,59,0.65,0.0,0.375,0,891,0,0,-0.0004967213608324528,35.79631423950195,1.4325965642929077,0.0005430903402157128,0.0
91,1,capability_aware,0.5915026147304161,60,0.268125,0.0,0.25,0,147,0,0,0.001291537657380104,118.98118591308594,1.2472374439239502,-0.00019379286095499992,0.0
92,1,capability_aware,0.5633678197273184,60,0.385625,0.125,0.375,0,403,0,0,-0.0030480697751045227,91.76293182373047,1.3688346147537231,0.0013062484795227647,0.0
93,1,capability_aware,0.716545760302779,60,0.58125,0.125,0.625,0,659,0,0,-0.005574904382228851,129.8629150390625,1.40042245388031,0.002448796993121505,0.0
94,1,capability_aware,0.3190445409879885,60,0.624375,0.125,0.625,0,915,0,0,0.0003467178903520107,20.164596557617188,1.4386757612228394,0.0025751551147550344,0.0
95,1,capability_aware,0.6377506819135306,61,0.244375,0.0,0.25,0,171,0,0,-0.0015558507293462753,228.0833740234375,1.2887378931045532,0.0027717731427401304,0.0
96,1,capability_aware,0.550061879768009,61,0.541875,0.0,0.75,0,427,0,0,-0.0027731573209166527,85.19940185546875,1.404707431793213,0.004421221558004618,0.0
97,1,capability_aware,0.45514860571893223,61,0.59375,0.0,0.75,0,683,0,0,-0.0074699874967336655,37.91340637207031,1.438349723815918,0.007802180480211973,0.1354166716337204
98,1,capability_aware,0.45811448359381757,61,0.653125,0.0,0.75,0,939,0,0,0.0061702970415353775,40.67042541503906,1.4283647537231445,0.02004883624613285,0.4453125
99,1,capability_aware,0.9716509812533332,62,0.348125,0.0,0.375,0,195,0,0,-0.001063392497599125,366.6750793457031,1.30252206325531,0.010558481328189373,0.0
100,1,capability_aware,0.4816649671174673,62,0.543125,0.0,0.75,0,451,0,0,-0.0018062344752252102,55.03504943847656,1.3915265798568726,0.0050888885743916035,0.0
101,1,capability_aware,0.1945069537287054,62,0.66375,0.0,0.75,0,707,0,0,-0.00388314388692379,5.845507621765137,1.4026826620101929,0.004984451923519373,0.0
102,1,capability_aware,0.25337960381693847,62,0.701875,0.0,0.75,0,963,0,0,-0.010521657764911652,13.041190147399902,1.363128662109375,0.009389790706336498,0.0546875
103,1,capability_aware,0.7515579363389406,63,0.2725,0.0,0.5,0,219,0,0,-0.005424659699201584,260.17108154296875,1.2590081691741943,-0.001577549148350954,0.0
104,1,capability_aware,0.5347806670783939,63,0.46875,0.0,0.75,0,475,0,0,-0.004279543645679951,68.01458740234375,1.4055989980697632,0.0019375523552298546,0.0
105,1,capability_aware,0.43753589706864204,63,0.59625,0.0,0.75,0,731,0,0,-0.019661135971546173,34.32817077636719,1.4097121953964233,0.0014115720987319946,0.0
106,1,capability_aware,0.535035293767578,63,0.685625,0.125,0.75,0,987,0,0,-0.0009736223146319389,78.886962890625,1.2224189043045044,0.007840330712497234,0.0
107,1,capability_aware,0.713644784869075,65,0.175625,0.0,0.375,0,194,0,0,-0.002095980104058981,470.81201171875,1.3210296630859375,-2.0294139176257886e-05,0.0
108,1,capability_aware,0.2212136935631861,65,0.34375,0.0,0.625,0,450,0,0,-0.003396319691091776,17.335819244384766,1.3466068506240845,0.00030480464920401573,0.0
109,1,capability_aware,0.5842331529238436,65,0.68,0.0,0.875,0,706,0,0,-0.0049089365638792515,68.94058227539062,1.3597092628479004,0.0051322695799171925,0.0
110,1,capability_aware,0.42540282506274707,65,0.7825,0.0,0.875,0,962,0,0,-0.008862350136041641,33.77918243408203,1.244895339012146,0.01203977782279253,0.2109375
111,1,capability_aware,0.7482345721800812,66,0.423125,0.0,0.375,0,218,0,0,-0.003281532321125269,188.46163940429688,1.2608104944229126,0.007908430881798267,0.02604166604578495
112,1,capability_aware,0.4716780471862876,66,0.53875,0.0,0.375,0,474,0,0,-0.0037204395048320293,40.38579177856445,1.4230436086654663,0.004435218404978514,0.0
113,1,capability_aware,0.3764507244395645,66,0.571875,0.0,0.375,0,730,0,0,-0.007574785966426134,26.235347747802734,1.4811145067214966,0.005419297143816948,0.0
114,1,capability_aware,0.5674221531771764,66,0.635625,0.25,0.5,0,986,0,0,-0.0009140195325016975,103.7190170288086,1.3987377882003784,0.0069336798042058945,0.0
115,1,capability_aware,1.076470787679682,67,0.42125,0.0,0.375,0,242,0,0,-0.000256943516433239,442.07489013671875,1.2913721799850464,0.0032757578883320093,0.0
116,1,capability_aware,0.22321586010639294,67,0.550625,0.0,0.5,0,498,0,0,-0.0062621841207146645,7.858418941497803,1.431329369544983,0.00024360402312595397,0.0
117,1,capability_aware,0.19514609476982514,67,0.683125,0.0,0.5,0,754,0,0,0.00011639343574643135,4.823180198669434,1.461796760559082,0.007257647812366486,0.0013020833721384406
118,1,capability_aware,0.16202999902088777,68,0.0175,0.0,0.0,0,10,0,0,-0.0017078393138945103,7.364645481109619,1.2841054201126099,0.009199450723826885,0.0078125
119,1,capability_aware,0.5688010311882863,69,0.26625,0.0,0.125,0,147,0,0,-0.003610899904742837,206.87158203125,1.3434346914291382,0.003824857296422124,0.0
120,1,capability_aware,0.7404826600723027,69,0.51,0.0,0.375,0,403,0,0,0.0012791291810572147,159.90524291992188,1.431169867515564,0.0025916199665516615,0.0
121,1,capability_aware,0.579160521248923,69,0.7425,0.0,0.5,0,659,0,0,0.00022306828759610653,73.10501098632812,1.4518572092056274,0.0026176180690526962,0.0
122,1,capability_aware,0.4592690951503755,69,0.85125,0.0,0.625,0,915,0,0,-0.00015890318900346756,35.717552185058594,1.4618473052978516,0.0003687081334646791,0.0
123,1,capability_aware,1.1605689828902541,70,0.375625,0.125,0.25,0,171,0,0,-0.0016330117359757423,399.9971923828125,1.3784841299057007,0.0010886364616453648,0.0
124,1,capability_aware,0.5957132188515288,70,0.513125,0.125,0.375,0,427,0,0,0.0038593094795942307,92.76429748535156,1.4380794763565063,0.00122642086353153,0.0
125,1,capability_aware,0.6733558691212238,70,0.703125,0.25,0.75,0,683,0,0,-0.0025180657394230366,122.6490249633789,1.4452651739120483,-0.0008923262357711792,0.0
126,1,capability_aware,0.427380283006471,70,0.768125,0.25,0.875,0,939,0,0,-0.019216228276491165,27.500099182128906,1.448325514793396,0.006144827697426081,0.0
127,1,capability_aware,0.8264994171859144,71,0.251875,0.0,0.25,0,195,0,0,-0.00399620458483696,217.580322265625,1.2526464462280273,0.003283633617684245,0.0
128,1,capability_aware,0.6188007711680257,71,0.4425,0.0,0.5,0,451,0,0,0.0001052049919962883,76.56512451171875,1.4149470329284668,0.0006434661336243153,0.0
129,1,capability_aware,0.435326032269586,71,0.6,0.0,1.0,0,707,0,0,-0.010613427497446537,44.2719841003418,1.460639476776123,0.003534662537276745,0.0
130,1,capability_aware,0.5631955209730677,71,0.731875,0.125,1.0,0,963,0,0,-0.002465292578563094,89.3374252319336,1.421887755393982,0.0009812460048124194,0.0
131,1,capability_aware,0.90501350311024,72,0.305,0.0,0.625,0,219,0,0,-0.008682828396558762,327.97900390625,1.2995613813400269,0.005038019269704819,0.0
132,1,capability_aware,0.5868398217826325,72,0.464375,0.125,0.625,0,475,0,0,-0.002632557414472103,104.20686340332031,1.4413633346557617,0.005212899763137102,0.0
133,1,capability_aware,0.42019533953862265,72,0.57875,0.125,0.75,0,731,0,0,0.001287574414163828,30.93743133544922,1.45292329788208,0.0014312429120764136,0.0
134,1,capability_aware,0.2537761376158869,72,0.590625,0.25,0.75,0,987,0,0,-0.00166277214884758,22.288631439208984,1.2931382656097412,0.0003191214054822922,0.0
135,1,capability_aware,0.8880617953655019,73,0.305625,0.125,0.25,0,243,0,0,-0.002119597978889942,238.6097869873047,1.3352621793746948,-0.0003192797303199768,0.0
136,1,capability_aware,0.6206461012516229,73,0.515625,0.125,0.5,0,499,0,0,-0.0013540564104914665,130.3063507080078,1.4329618215560913,-0.00034656189382076263,0.0
137,1,capability_aware,0.49362451328124735,73,0.6025,0.125,0.5,0,755,0,0,-0.0017400123178958893,39.420921325683594,1.4610322713851929,-0.000701756973285228,0.0
138,1,capability_aware,0.3248615823449654,74,0.025625,0.0,0.0,0,11,0,0,-0.008588382974267006,23.239412307739258,1.2435375452041626,0.0027002040296792984,0.0
139,1,capability_aware,0.7330306992771511,74,0.469375,0.0,0.125,0,267,0,0,-0.001942895818501711,280.6827087402344,1.383370280265808,1.1605676263570786e-05,0.0
140,1,capability_aware,0.20601813282178227,74,0.545625,0.0,0.125,0,523,0,0,-0.005914737470448017,4.667265892028809,1.472945213317871,0.0028054805006831884,0.0
141,1,capability_aware,0.10485512337618275,74,0.554375,0.0,0.125,0,779,0,0,-0.02215014025568962,1.3771944046020508,1.4861520528793335,0.004248917568475008,0.0
142,1,capability_aware,0.18017853079072665,75,0.03625,0.0,0.0,0,35,0,0,0.0001454101875424385,7.3538713455200195,1.2219102382659912,0.005024185869842768,0.1484375
143,1,capability_aware,0.4110729588858817,75,0.314375,0.0,0.125,0,291,0,0,-0.0005623907782137394,43.66984176635742,1.4511785507202148,0.003944305703043938,0.1341145783662796
144,1,capability_aware,0.49014474946670816,75,0.348125,0.0,0.25,0,547,0,0,0.0024197734892368317,83.8987045288086,1.4869552850723267,0.005396401975303888,0.0
145,1,capability_aware,0.4390830436872193,75,0.478125,0.0,0.5,0,803,0,0,-0.0034660231322050095,42.39382553100586,1.4565380811691284,-0.00037622390664182603,0.0
146,1,capability_aware,0.7256360411684,76,0.098125,0.0,0.25,0,59,0,0,0.0011463840492069721,187.97531127929688,1.3491239547729492,-0.00010207807645201683,0.0
147,1,capability_aware,0.4964915062600994,76,0.431875,0.0,0.375,0,315,0,0,-0.0022834488190710545,41.58760070800781,1.4851841926574707,0.0030248130206018686,0.0
148,1,capability_aware,0.42003689642911013,76,0.53625,0.125,0.5,0,571,0,0,-0.0040605696849524975,81.45654296875,1.47332763671875,0.005902131553739309,0.0
149,1,capability_aware,0.3298675934020139,77,0.024375,0.0,0.0,0,23,0,0,-0.0049041928723454475,144.18617248535156,1.4673985242843628,0.005901716183871031,0.0
150,1,capability_aware,0.27113303658916266,77,0.25875,0.0,0.125,0,279,0,0,-0.0016841473989188671,11.159996032714844,1.4866386651992798,0.0007209470495581627,0.0
151,1,capability_aware,0.7560638156355708,77,0.51,0.0,0.375,0,535,0,0,-0.00031888275407254696,188.6278533935547,1.4870820045471191,0.0005880178068764508,0.0
152,1,capability_aware,0.4832961308002268,77,0.66375,0.0,0.5,0,791,0,0,-0.0022496655583381653,41.936973571777344,1.4990264177322388,0.0011906017316505313,0.0
153,1,capability_aware,0.3894331844003318,78,0.079375,0.0,0.0,0,47,0,0,-0.010678011924028397,26.95583724975586,1.4865556955337524,0.0011889329180121422,0.0
154,1,capability_aware,0.7426610156762763,78,0.4225,0.0,0.25,0,303,0,0,0.0006206836551427841,196.80609130859375,1.4512053728103638,0.0005007623694837093,0.0
155,1,capability_aware,0.5096561519576426,78,0.64,0.0,0.5,0,559,0,0,-0.004899797961115837,42.697181701660156,1.4873480796813965,0.0001441135536879301,0.0
156,1,capability_aware,0.27052225728402846,78,0.67125,0.0,0.5,0,815,0,0,-0.0077504804357886314,6.636772155761719,1.5017023086547852,0.002758113667368889,0.0
157,1,capability_aware,0.7035125902548316,79,0.119375,0.0,0.125,0,71,0,0,-0.0030496036633849144,106.57952117919922,1.400983452796936,-0.004965449217706919,0.0
158,1,capability_aware,0.5437310838415215,79,0.45,0.0,0.25,0,327,0,0,-0.003315900219604373,77.798828125,1.4692916870117188,0.0009977519512176514,0.0
159,1,capability_aware,0.48846263762675335,79,0.60625,0.0,0.375,0,583,0,0,-0.0032895582262426615,42.827972412109375,1.4683421850204468,-0.0008386673289351165,0.0
160,1,capability_aware,0.41396048354279813,79,0.72375,0.0,0.5,0,839,0,0,0.008286268450319767,26.032733917236328,1.4992536306381226,0.003341742092743516,0.0
161,1,capability_aware,0.3687927859082265,81,0.148125,0.0,0.125,0,76,0,0,0.0005349540151655674,139.61973571777344,1.3982499837875366,0.0004229485057294369,0.0
162,1,capability_aware,0.7258057349495175,81,0.443125,0.0,0.5,0,332,0,0,-0.002019659150391817,220.96084594726562,1.4368995428085327,0.0009122535702772439,0.0
163,1,capability_aware,0.3155428512791332,81,0.563125,0.0,0.625,0,588,0,0,-0.007315252907574177,19.227962493896484,1.4689017534255981,0.007596008945256472,0.0
164,1,capability_aware,0.3482961422705557,81,0.65,0.0,0.625,0,844,0,0,-0.0013618888333439827,22.482986450195312,1.4736838340759277,0.013371966779232025,0.3684895932674408
165,1,capability_aware,0.6980901067654486,82,0.214375,0.0,0.125,0,100,0,0,0.0023244682233780622,114.21683502197266,1.4756221771240234,0.005280936602503061,0.0
166,1,capability_aware,0.5535453139259516,82,0.46625,0.0,0.375,0,356,0,0,-0.0019447596278041601,103.57063293457031,1.4687553644180298,0.002801676047965884,0.0
167,1,capability_aware,0.3775939002555333,82,0.485625,0.0,0.375,0,612,0,0,-0.0035306517966091633,18.947677612304688,1.4978779554367065,-0.00036740736686624587,0.0
168,1,capability_aware,0.3973866672854456,82,0.665,0.0,0.375,0,868,0,0,-0.0038580112159252167,21.495132446289062,1.4946991205215454,0.0010036734165623784,0.0
169,1,capability_aware,0.9119890873917029,83,0.154375,0.0,0.25,0,124,0,0,-0.0038513178005814552,292.25592041015625,1.4391292333602905,0.0002616541460156441,0.0
170,1,capability_aware,0.5354807100204653,83,0.36375,0.0,0.375,0,380,0,0,-0.0006630511488765478,52.770233154296875,1.441454529762268,0.00584239698946476,0.0
171,1,capability_aware,0.3709825200967316,83,0.476875,0.0,0.375,0,636,0,0,-0.0035477066412568092,15.955549240112305,1.4676003456115723,-0.003660083981230855,0.0
172,1,capability_aware,0.6123669557155154,83,0.7825,0.0,0.625,0,892,0,0,-0.0020328140817582607,66.89798736572266,1.4408073425292969,0.002026558853685856,0.0
173,1,capability_aware,0.680914720200235,84,0.216875,0.0,0.25,0,148,0,0,0.00020814407616853714,224.01144409179688,1.2517186403274536,-1.8106928109773435e-05,0.0
174,1,capability_aware,0.643077185201264,84,0.43375,0.0,0.625,0,404,0,0,-0.00635656900703907,68.41354370117188,1.423035979270935,-0.00043032271787524223,0.0
175,1,capability_aware,0.5098161614932906,84,0.536875,0.0,0.75,0,660,0,0,-0.004134457558393478,45.65900421142578,1.459676742553711,0.006165255326777697,0.0
176,1,capability_aware,0.4318368398007806,84,0.706875,0.0,0.75,0,916,0,0,-0.0023442027159035206,27.478801727294922,1.4570785760879517,0.011687966994941235,0.0
177,1,capability_aware,0.5424819426070826,85,0.29625,0.0,0.25,0,172,0,0,-0.000683516263961792,102.03009033203125,1.3513809442520142,0.003911138512194157,0.0
178,1,capability_aware,0.8384077191076358,85,0.600625,0.0,0.625,0,428,0,0,-0.006430511362850666,162.22769165039062,1.3998912572860718,0.005636767949908972,0.0
179,1,capability_aware,0.5179423677145678,85,0.799375,0.0,0.625,0,684,0,0,-0.004046353977173567,43.54555130004883,1.4497007131576538,0.0004987308639101684,0.0
180,1,capability_aware,0.3684210428127699,85,0.865625,0.0,0.75,0,940,0,0,-0.00582059845328331,15.947891235351562,1.44256591796875,0.008257864974439144,0.1380208283662796
181,1,capability_aware,0.7232833972557273,86,0.235,0.0,0.25,0,196,0,0,-0.019946791231632233,233.28030395507812,1.3243671655654907,0.011889745481312275,0.1393229216337204
182,1,capability_aware,0.6820418966060515,86,0.369375,0.125,0.625,0,452,0,0,-0.006581061519682407,95.94841766357422,1.392403244972229,0.008973097428679466,0.0533854179084301
183,1,capability_aware,0.5730533855157773,86,0.643125,0.125,0.75,0,708,0,0,-0.004013995174318552,55.81273651123047,1.3792146444320679,0.005596401635557413,0.0
184,1,capability_aware,0.4214280708638398,86,0.81,0.125,0.75,0,964,0,0,-0.005773710552603006,22.502399444580078,1.4275107383728027,-0.0014101400738582015,0.0
185,1,capability_aware,1.0463498262874964,87,0.405,0.0,0.5,0,220,0,0,0.0008322964422404766,287.7066955566406,1.3550440073013306,0.003840417368337512,0.0
186,1,capability_aware,0.49399659016717123,87,0.65125,0.0,0.5,0,476,0,0,-0.003538343124091625,40.03825378417969,1.4158730506896973,0.0034693849738687277,0.0
187,1,capability_aware,0.4562702360390176,87,0.776875,0.0,0.75,0,732,0,0,-0.004403575323522091,29.537214279174805,1.440090298652649,0.00792315136641264,0.0
188,1,capability_aware,0.3893167782700857,87,0.82125,0.0,0.875,0,988,0,0,-0.016600141301751137,15.84135627746582,1.4583826065063477,0.005640036892145872,0.03125
189,1,capability_aware,1.2485877469589468,88,0.2975,0.125,0.5,0,244,0,0,0.0009742341935634613,351.5224609375,1.3629881143569946,0.000560080457944423,0.0
190,1,capability_aware,0.7675440931793673,88,0.616875,0.25,0.875,0,500,0,0,-0.0008012875914573669,121.31501007080078,1.4233084917068481,0.0032319296151399612,0.0
191,1,capability_aware,0.4520121494565501,88,0.73625,0.25,0.875,0,756,0,0,-0.0025276998057961464,29.748294830322266,1.453602910041809,0.004607380833476782,0.0
192,1,capability_aware,0.17876785474800272,90,0.011875,0.0,0.0,0,4,0,0,-0.00892132893204689,68.07270812988281,1.430344581604004,0.008283231407403946,0.0
193,1,capability_aware,0.30567567604157375,91,0.268125,0.0,0.125,0,254,0,0,-0.009506446309387684,131.927490234375,1.3540061712265015,0.00611882796511054,0.0598958320915699
194,1,capability_aware,0.5070203933646553,91,0.415625,0.0,0.25,0,510,0,0,-0.0038852482102811337,38.18669509887695,1.4340262413024902,0.0015085033373907208,0.0
195,1,capability_aware,0.34048751900354546,91,0.4325,0.0,0.25,0,766,0,0,-0.024551168084144592,12.226652145385742,1.4483195543289185,0.011162668466567993,0.1614583283662796
196,1,capability_aware,0.8240150474666734,92,0.048125,0.0,0.125,0,22,0,0,-0.005194314755499363,108.30500793457031,1.4339722394943237,0.007920009084045887,0.2135416716337204
197,1,capability_aware,0.7422982211519411,92,0.26875,0.125,0.125,0,278,0,0,-0.004730850923806429,103.03125,1.398145079612732,0.0002646708453539759,0.0
198,1,capability_aware,0.4078620611799124,92,0.391875,0.125,0.125,0,534,0,0,-0.0061710551381111145,16.256208419799805,1.4093365669250488,0.0017972415080294013,0.0
199,1,capability_aware,0.4488251901498188,92,0.435625,0.25,0.125,0,790,0,0,-0.005885845050215721,52.995819091796875,1.4281820058822632,0.0011602543527260423,0.16015625
200,1,capability_aware,0.7869791885102586,93,0.079375,0.0,0.0,0,46,0,0,-0.00030607543885707855,225.1839599609375,1.367500901222229,0.004497882444411516,0.02604166604578495
201,1,capability_aware,0.3929854435289144,94,0.114375,0.0,0.0,0,51,0,0,-0.013819944113492966,177.7696075439453,1.4026026725769043,0.006878396030515432,0.0
202,1,capability_aware,0.7050892834668048,94,0.30375,0.0,0.25,0,307,0,0,-0.00448581762611866,193.30772399902344,1.357688546180725,0.0024952415842562914,0.0
203,1,capability_aware,0.29804562938807067,94,0.39125,0.0,0.25,0,563,0,0,-0.006985461805015802,12.27843189239502,1.3880367279052734,0.00426308810710907,0.0
204,1,capability_aware,0.3428506796481088,94,0.45125,0.0,0.25,0,819,0,0,-0.00041858479380607605,11.076663970947266,1.4308843612670898,0.0006229397840797901,0.1510416716337204
205,1,capability_aware,0.4521486436096893,95,0.145625,0.0,0.0,0,75,0,0,0.0022458769381046295,44.82270050048828,1.3694900274276733,0.004735337570309639,0.0
206,1,capability_aware,0.560085301676736,95,0.366875,0.0,0.0,0,331,0,0,0.0016002529300749302,77.76155090332031,1.3414263725280762,0.0007833866402506828,0.0
207,1,capability_aware,0.3167927335452987,95,0.5375,0.0,0.125,0,587,0,0,-0.001847864594310522,20.848852157592773,1.3934383392333984,0.0011185863986611366,0.0
208,1,capability_aware,0.14306063055846607,95,0.575625,0.0,0.125,0,843,0,0,-0.005138359498232603,3.3133997917175293,1.4530185461044312,0.0033244211226701736,0.0
209,1,capability_aware,0.8098650174976285,96,0.136875,0.0,0.0,0,99,0,0,-0.003404635936021805,229.08865356445312,1.3635843992233276,0.0007018906180746853,0.010416666977107525
210,1,capability_aware,0.8177186000175425,96,0.295625,0.0,0.375,0,355,0,0,-0.005633557680994272,189.11460876464844,1.3236063718795776,0.00438480731099844,0.0026041667442768812
211,1,capability_aware,0.4304828058602652,96,0.529375,0.0,0.625,0,611,0,0,-0.0034418758004903793,36.433319091796875,1.3959778547286987,0.0009146981756202877,0.0
212,1,capability_aware,0.5271076969420392,96,0.7875,0.0,0.75,0,867,0,0,-0.011846653185784817,41.68836975097656,1.4229788780212402,0.011727474629878998,0.3203125
213,1,capability_aware,0.7342894801276998,97,0.174375,0.0,0.125,0,123,0,0,-0.005448505282402039,110.56982421875,1.3490443229675293,0.007572778966277838,0.1197916641831398
214,1,capability_aware,0.9613278611368514,97,0.538125,0.0,0.375,0,379,0,0,-0.005863604135811329,208.7291259765625,1.3701763153076172,0.003508665831759572,0.0
215,1,capability_aware,0.3659771172692672,97,0.5725,0.0,0.375,0,635,0,0,-0.0242009200155735,12.90612506866455,1.392717719078064,0.004436557646840811,0.3580729067325592
216,1,capability_aware,0.5354738528294547,97,0.59125,0.25,0.375,0,891,0,0,-0.007470890413969755,55.19159698486328,1.3985958099365234,0.003396364161744714,0.0065104165114462376
217,1,capability_aware,1.4489690895134117,98,0.274375,0.125,0.5,0,147,0,0,-0.0021956118289381266,638.7597045898438,1.3551521301269531,0.003527923719957471,0.0
218,1,capability_aware,0.5144474470630485,98,0.52875,0.125,0.625,0,403,0,0,-0.0018195980228483677,35.649208068847656,1.396690845489502,0.0026898831129074097,0.0416666679084301
219,1,capability_aware,0.41314425715609104,98,0.6575,0.125,0.625,0,659,0,0,-0.010216044262051582,21.023353576660156,1.397086501121521,0.0064436085522174835,0.3385416567325592
220,1,capability_aware,0.34967271631558106,98,0.690625,0.125,0.625,0,915,0,0,-0.03379064425826073,11.010921478271484,1.3982319831848145,0.017627893015742302,0.3424479067325592
221,1,capability_aware,0.8896202762775829,99,0.286875,0.0,0.25,0,171,0,0,0.003677783999592066,278.10809326171875,1.3745685815811157,0.0043348888866603374,0.0
222,1,capability_aware,0.5265977263782986,99,0.45125,0.0,0.375,0,427,0,0,-0.008059566840529442,34.09455871582031,1.3679040670394897,0.0007519384962506592,0.0
223,1,capability_aware,0.6386613519402999,99,0.593125,0.125,0.875,0,683,0,0,-0.012199104763567448,76.40606689453125,1.380081295967102,0.0021850315388292074,0.0
224,1,capability_aware,0.4832863534174976,99,0.743125,0.125,1.0,0,939,0,0,-0.011496408842504025,30.445035934448242,1.3899918794631958,0.011019255965948105,0.078125
225,1,capability_aware,0.4402626218416117,100,0.164375,0.0,0.0,0,195,0,0,-0.002194313332438469,69.99950408935547,1.3071860074996948,0.009024308063089848,0.12890625
226,1,capability_aware,0.8051394106842054,100,0.45625,0.125,0.5,0,451,0,0,-0.0024329633451998234,185.47689819335938,1.3418922424316406,0.003916088491678238,0.0
227,1,capability_aware,1.0149468077488564,101,0.281875,0.0,0.375,0,186,0,0,0.0031314007937908173,382.567626953125,1.20099675655365,-0.00099069660063833,0.0
228,1,capability_aware,0.7006122526090621,101,0.624375,0.0,0.75,0,442,0,0,-0.0009790360927581787,70.35728454589844,1.3830939531326294,0.002670528134331107,0.0
229,1,capability_aware,0.5035143520854035,101,0.73625,0.125,0.75,0,698,0,0,-0.0042001428082585335,55.71858215332031,1.4297157526016235,-0.0006363539141602814,0.0
230,1,capability_aware,0.8925337685850536,102,0.478125,0.0,0.5,0,246,0,0,-0.0018234415911138058,318.440185546875,1.1819254159927368,0.007254922296851873,0.0
231,1,capability_aware,0.8593233105784748,102,0.640625,0.25,0.625,0,502,0,0,-0.010160345584154129,162.0755615234375,1.3608484268188477,0.005867427680641413,0.1354166716337204
232,1,capability_aware,0.43122641018226204,102,0.823125,0.25,0.875,0,758,0,0,0.0024052991066128016,22.4179630279541,1.397042155265808,0.0028648318257182837,0.0325520820915699
233,1,capability_aware,0.5099924987152917,103,0.03375,0.0,0.0,0,14,0,0,0.0021844645962119102,78.12150573730469,1.4191564321517944,0.0023858228232711554,0.0
234,1,capability_aware,0.7952245939968634,103,0.388125,0.125,0.375,0,270,0,0,-0.008989984169602394,216.69586181640625,1.3178973197937012,0.0011996618704870343,0.0
235,1,capability_aware,0.5629461573407752,103,0.66125,0.125,0.5,0,526,0,0,-0.003594174049794674,37.24217987060547,1.4054292440414429,-0.0048948596231639385,0.0
236,1,capability_aware,0.30624096005885804,103,0.6825,0.125,0.625,0,782,0,0,-0.002789959544315934,22.52480697631836,1.4638919830322266,0.005169418640434742,0.0
237,1,capability_aware,0.5866475100629032,104,0.089375,0.0,0.125,0,38,0,0,-0.004934935364872217,116.82907104492188,1.3994563817977905,0.0006401894497685134,0.0
238,1,capability_aware,0.23681031501837424,104,0.343125,0.0,0.125,0,294,0,0,-0.001857853028923273,5.849153518676758,1.4261651039123535,0.001451040618121624,0.0
239,1,capability_aware,0.36788265265818154,104,0.5375,0.0,0.25,0,550,0,0,-0.00045706890523433685,56.50737762451172,1.4281435012817383,-0.00022077420726418495,0.0
240,1,capability_aware,0.6461148850185054,104,0.745625,0.0,0.5,0,806,0,0,-0.0037600169889628887,51.68122863769531,1.4295040369033813,-0.00010328941425541416,0.0
241,1,capability_aware,0.5491548806840001,105,0.14625,0.0,0.125,0,62,0,0,-0.005297339521348476,124.01687622070312,1.4165176153182983,0.003452851204201579,0.0065104165114462376
242,1,capability_aware,0.6460910099513058,105,0.355,0.0,0.25,0,318,0,0,-0.0028699683025479317,116.8277359008789,1.415043830871582,-0.00033820621320046484,0.0
243,1,capability_aware,0.2753334412445838,105,0.399375,0.125,0.25,0,574,0,0,0.0010294343810528517,13.350893020629883,1.4635339975357056,0.0011776718311011791,0.0
244,1,capability_aware,0.26840128866888335,105,0.54625,0.125,0.25,0,830,0,0,-0.0023444006219506264,9.492085456848145,1.3998390436172485,0.0042375377379357815,0.0
245,1,capability_aware,1.0966868233335845,106,0.17125,0.0,0.75,0,86,0,0,-0.0021039878483861685,425.42181396484375,1.398712158203125,9.016491094371304e-05,0.0
246,1,capability_aware,0.9751056978826682,107,0.274375,0.125,0.25,0,147,0,0,-0.0006646756082773209,369.9768981933594,1.351291537284851,-0.0005341561045497656,0.0
247,1,capability_aware,0.5553049568261486,107,0.448125,0.125,0.375,0,403,0,0,-0.0031572463922202587,78.72654724121094,1.4065403938293457,0.0005923818680457771,0.0
248,1,capability_aware,0.3576513944171893,107,0.48625,0.125,0.375,0,659,0,0,-0.0020590247586369514,9.455531120300293,1.4500905275344849,0.0019470974802970886,0.0
249,1,capability_aware,0.3648688356497587,108,0.00875,0.0,0.0,0,3,0,0,-0.0126945860683918,132.18698120117188,1.388638973236084,0.00555947981774807,0.02083333395421505
250,1,capability_aware,0.9387177659928057,108,0.3425,0.0,0.375,0,259,0,0,-0.017849072813987732,271.16436767578125,1.3331775665283203,0.015581212937831879,0.0885416641831398
251,1,capability_aware,0.512088860885342,108,0.549375,0.0,0.625,0,515,0,0,-0.009815659373998642,30.567262649536133,1.2847121953964233,0.00986417755484581,0.0
252,1,capability_aware,0.6453929474300821,108,0.759375,0.125,0.875,0,771,0,0,-0.0008477764204144478,72.09587097167969,1.316969871520996,0.011663270182907581,0.02864583395421505
253,1,capability_aware,0.3519748507528675,109,0.060625,0.0,0.0,0,27,0,0,-0.0003925040364265442,16.633930206298828,1.354796290397644,0.0015127952210605145,0.0
254,1,capability_aware,1.0798712295040787,109,0.49125,0.0,0.375,0,283,0,0,-0.0008236607536673546,264.8708190917969,1.2000094652175903,-0.0008906464208848774,0.0
255,1,capability_aware,0.4360643120617169,109,0.6275,0.0,0.5,0,539,0,0,-0.0003994852304458618,22.702091217041016,1.3213361501693726,0.012440427206456661,0.0846354141831398
256,1,capability_aware,0.5391734388085752,109,0.740625,0.0,0.75,0,795,0,0,-0.00130775710567832,34.14366912841797,1.2838517427444458,0.012390841729938984,0.2434895783662796
257,1,capability_aware,0.38821688149118927,110,0.12,0.0,0.0,0,51,0,0,0.0027099521830677986,17.537294387817383,1.32028067111969,0.007952486164867878,0.0
258,1,capability_aware,0.8720326907787239,110,0.488125,0.0,0.0,0,307,0,0,-0.0004472718574106693,156.91937255859375,1.117293119430542,0.002263727132230997,0.0
259,1,capability_aware,0.7035746447545534,110,0.6325,0.0,0.375,0,563,0,0,-0.0046729715541005135,104.33219909667969,1.2476874589920044,0.00044497987255454063,0.0
260,1,capability_aware,0.44753014418984094,110,0.78625,0.0,0.5,0,819,0,0,-0.009472018107771873,16.838699340820312,1.2585434913635254,0.011080957017838955,0.1393229216337204
261,1,capability_aware,0.9209024066767597,111,0.165,0.0,0.375,0,75,0,0,-0.0012513808906078339,349.8072509765625,1.2515727281570435,0.0005725325900129974,0.0
262,1,capability_aware,0.6412057278776047,111,0.3175,0.125,0.375,0,331,0,0,-8.433591574430466e-06,59.258941650390625,1.2397748231887817,5.4299987823469564e-05,0.0
263,1,capability_aware,0.32704407706842176,111,0.3625,0.125,0.375,0,587,0,0,-0.005614029709249735,6.469875335693359,1.2764917612075806,0.002329874550923705,0.0
264,1,capability_aware,0.5372683979003341,111,0.485,0.25,0.5,0,843,0,0,0.0012703631073236465,47.97493362426758,1.2285908460617065,0.0030469773337244987,0.2057291716337204
265,1,capability_aware,0.5170013528859272,112,0.105625,0.0,0.0,0,99,0,0,-0.0011168662458658218,121.0105972290039,1.2468249797821045,0.0012158058816567063,0.00390625
266,1,capability_aware,0.7286251327386708,112,0.45375,0.0,0.375,0,355,0,0,-0.00034554721787571907,115.89460754394531,1.1535284519195557,0.0036640584003180265,0.0
267,1,capability_aware,0.5403863686915429,112,0.6225,0.0,0.5,0,611,0,0,-0.01294452603906393,28.54645347595215,1.206896185874939,0.0039331428706645966,0.0
268,1,capability_aware,0.4011478250431537,112,0.6825,0.0,0.625,0,867,0,0,-0.0323609858751297,11.302325248718262,1.2796069383621216,0.005361421499401331,0.234375
269,1,capability_aware,1.0485898785627796,113,0.285,0.0,0.375,0,123,0,0,-0.004655926488339901,261.30218505859375,1.1720871925354004,0.003274517832323909,0.0065104165114462376
270,1,capability_aware,0.41491109992784914,113,0.4025,0.0,0.375,0,379,0,0,0.0068889944814145565,10.328667640686035,1.2035714387893677,0.00021596935403067619,0.0
271,1,capability_aware,0.28701897286975964,113,0.436875,0.0,0.375,0,635,0,0,-0.01688706874847412,3.2997236251831055,1.2421399354934692,-0.0009092969703488052,0.05078125
272,1,capability_aware,0.7586942451162031,113,0.6525,0.25,0.625,0,891,0,0,-0.0011261655017733574,123.98837280273438,1.2208019495010376,0.005963497329503298,0.0807291641831398
273,1,capability_aware,0.49791965909935243,114,0.214375,0.0,0.125,0,147,0,0,-0.0023802979849278927,64.58692932128906,1.256698727607727,0.005233272444456816,0.02213541604578495
274,1,capability_aware,0.7292622274908354,114,0.52625,0.0,0.375,0,403,0,0,-0.0005168849602341652,122.08279418945312,1.2811166048049927,0.001244020531885326,0.0078125
275,1,capability_aware,0.6982844913804911,114,0.758125,0.125,0.625,0,659,0,0,-0.0017731119878590107,107.75521850585938,1.295082926750183,0.0038529543671756983,0.0
276,1,capability_aware,0.41067277098181876,114,0.85125,0.125,0.75,0,915,0,0,-0.00089410156942904,9.795032501220703,1.3428665399551392,-0.000717798073310405,0.0
277,1,capability_aware,1.0173769537996122,115,0.251875,0.0,0.375,0,171,0,0,-0.003953110426664352,291.23345947265625,1.3026918172836304,0.0017122855642810464,0.0
278,1,capability_aware,0.66045439595473,116,0.173125,0.0,0.125,0,88,0,0,-0.002927628345787525,179.52818298339844,1.3437305688858032,-0.0007336653652600944,0.0
279,1,capability_aware,0.46854197610809933,116,0.386875,0.0,0.25,0,344,0,0,0.0005219308659434319,69.94801330566406,1.3265610933303833,0.0014762458158656955,0.0
280,1,capability_aware,0.7740630187254283,116,0.58875,0.125,0.5,0,600,0,0,-0.00263109989464283,79.15930938720703,1.244030475616455,0.0014367764815688133,0.0
281,1,capability_aware,0.4378040088722628,116,0.660625,0.125,0.625,0,856,0,0,-0.010059598833322525,18.331785202026367,1.3648539781570435,0.0017884628614410758,0.0
282,1,capability_aware,0.6271162098960303,117,0.20625,0.0,0.125,0,112,0,0,-0.011427687481045723,87.5951919555664,1.3571357727050781,0.004168167244642973,0.009114583022892475
283,1,capability_aware,0.6747067621799943,117,0.384375,0.0,0.375,0,368,0,0,-0.009686121717095375,105.43509674072266,1.3457809686660767,0.004311650991439819,0.0
284,1,capability_aware,0.8301352945945837,117,0.683125,0.125,0.5,0,624,0,0,0.0022090477868914604,136.09881591796875,1.372230052947998,0.004358718637377024,0.0390625
285,1,capability_aware,0.5700352433468652,117,0.8525,0.125,1.0,0,880,0,0,-0.006906613707542419,37.891929626464844,1.4568692445755005,0.005051345098763704,0.013020833022892475
286,1,capability_aware,0.7727753924045828,118,0.25125,0.0,0.125,0,136,0,0,-0.0037120720371603966,145.7595672607422,1.397059440612793,0.0023176309186965227,0.0
287,1,capability_aware,0.7644872244891303,118,0.515625,0.0,0.375,0,392,0,0,-0.00020094960927963257,92.68749237060547,1.397915005683899,6.742728874087334e-05,0.0
288,1,capability_aware,0.5332918199356982,118,0.691875,0.125,0.375,0,648,0,0,-0.000998402712866664,68.69952392578125,1.485539436340332,0.002806728007271886,0.0
289,1,capability_aware,0.3786402907935553,118,0.768125,0.125,0.5,0,904,0,0,-0.004553116858005524,7.889704704284668,1.4503288269042969,0.002760139526799321,0.0
290,1,capability_aware,0.5777763174955908,119,0.293125,0.0,0.125,0,160,0,0,0.00022915704175829887,90.82034301757812,1.3925528526306152,-0.0005262465565465391,0.0
291,1,capability_aware,0.639105620311966,119,0.48125,0.0,0.25,0,416,0,0,-0.0014047385193407536,118.9990005493164,1.453823447227478,0.0005487335729412735,0.0
292,1,capability_aware,0.3895776032827598,119,0.585,0.0,0.625,0,672,0,0,-0.0019557178020477295,11.040904998779297,1.4826322793960571,0.002767251105979085,0.0
293,1,capability_aware,0.5772818625609943,120,0.13625,0.0,0.25,0,62,0,0,7.776403799653053e-05,252.64260864257812,1.4394636154174805,0.0001651102938922122,0.0
294,1,capability_aware,0.8114228216618358,120,0.52875,0.0,0.5,0,318,0,0,-0.0009624464437365532,90.54212951660156,1.3997973203659058,0.0021151218097656965,0.0
295,1,capability_aware,0.379707113655968,120,0.73,0.0,0.5,0,574,0,0,-0.0033234436996281147,10.24735164642334,1.4350299835205078,0.001784244435839355,0.0
296,1,capability_aware,0.4197998608688067,120,0.8575,0.0,0.875,0,830,0,0,-0.016996465623378754,14.550390243530273,1.435786247253418,0.011586688458919525,0.1666666716337204
297,1,capability_aware,0.482537426161457,121,0.125625,0.0,0.125,0,86,0,0,-0.004263153299689293,99.0804672241211,1.4138997793197632,0.001032148371450603,0.0
298,1,capability_aware,0.8131264964304137,121,0.5475,0.0,0.5,0,342,0,0,-0.005988406948745251,131.10594177246094,1.395040512084961,0.004557817708700895,0.0
299,1,capability_aware,0.686006658639144,121,0.695,0.125,0.875,0,598,0,0,-0.0021405513398349285,70.95852661132812,1.3704601526260376,0.0018650693818926811,0.0
300,1,capability_aware,0.45100166582051315,121,0.835625,0.125,0.875,0,854,0,0,-0.0043722596019506454,11.990663528442383,1.4019876718521118,0.01651129312813282,0.3606770932674408
