update,scenario,env_mode,rollout_reward_mean,episode_count,coverage_ratio,inspection_success_rate,target_detection_rate,mission_success,mission_time,collision_count,invalid_action_count,policy_loss,value_loss,entropy,approx_kl,accepted_fraction,step_norm,accepted
1,1,assignment_aware,2.694832281144045,0,0.266875,0.375,0.375,0,256,0,0,-0.052892230451107025,975.732666015625,0.8975278735160828,0.020424125716090202,1.0,0.24644197523593903,1.0
2,1,assignment_aware,4.426620821643155,0,0.47625,0.375,0.625,0,512,0,0,-0.03398922085762024,5363.03173828125,0.7329886555671692,0.06083844602108002,1.0,0.19775040447711945,1.0
3,1,assignment_aware,0.5470561089757666,0,0.648125,0.5,0.75,0,768,0,0,0.007682934869080782,129.18714904785156,1.369471549987793,0.009322491474449635,1.0,0.2600722014904022,1.0
4,1,assignment_aware,0.8945752489262304,1,0.0575,0.0,0.0,0,24,0,0,-0.01160549558699131,480.56878662109375,1.285023808479309,0.008025500923395157,1.0,0.26250115036964417,1.0
5,1,assignment_aware,1.0491193281850428,1,0.398125,0.0,0.0,0,280,0,0,-0.033301129937171936,161.12335205078125,0.9729018211364746,0.008246375247836113,1.0,0.21616847813129425,1.0
6,1,assignment_aware,6.051308516063727,1,0.48625,0.0,0.0,0,536,0,0,-0.014212435111403465,7434.02001953125,0.6836356520652771,0.027015775442123413,1.0,0.1752871721982956,1.0
7,1,assignment_aware,6.849533248692751,1,0.613125,0.0,0.125,0,792,0,0,-0.0006172936409711838,10011.798828125,0.5686725974082947,0.03076334297657013,1.0,0.3072282671928406,1.0
8,1,assignment_aware,1.5750646386841254,2,0.18125,0.125,0.375,0,80,0,0,-0.034342922270298004,1156.7322998046875,1.0571695566177368,0.028102433308959007,1.0,0.26581913232803345,1.0
9,1,assignment_aware,6.144090732792392,2,0.365,0.375,0.375,0,336,0,0,-0.030269166454672813,8385.5361328125,0.6274353861808777,0.009352577850222588,1.0,0.253815233707428,1.0
10,1,assignment_aware,8.104994658380747,2,0.5325,0.375,0.5,0,592,0,0,1.5925616025924683e-07,12573.8974609375,0.4699038565158844,0.000978240161202848,0.3333333333333333,0.0,0.0
11,1,assignment_aware,0.6490894853150166,2,0.775,0.375,0.875,0,848,0,0,-0.030132027342915535,139.24859619140625,1.1779053211212158,0.014388643205165863,1.0,0.31571629643440247,1.0
12,1,assignment_aware,1.0632345118565354,3,0.316875,0.0,0.125,0,161,0,0,-0.020741809159517288,1281.26513671875,1.0096126794815063,0.010508258827030659,1.0,0.19858963787555695,1.0
13,1,assignment_aware,0.38330655697012617,3,0.428125,0.0,0.25,0,417,0,0,-0.03522948920726776,205.19041442871094,1.1088918447494507,0.0232966560870409,1.0,0.2599830627441406,1.0
14,1,assignment_aware,0.3437037174389843,3,0.513125,0.125,0.375,0,673,0,0,-0.027964800596237183,210.5678253173828,1.3913131952285767,0.006408445071429014,1.0,0.23305220901966095,1.0
15,1,assignment_aware,0.25539790879309976,3,0.635625,0.125,0.5,0,929,0,0,-0.01682903803884983,212.9290008544922,1.3817157745361328,0.01910845749080181,1.0,0.277406245470047,1.0
16,1,assignment_aware,0.455886300776001,5,0.27875,0.0,0.125,0,125,0,0,-0.03628026694059372,1651.28759765625,1.1286040544509888,0.024556780233979225,1.0,0.2247834950685501,1.0
17,1,assignment_aware,0.8857195058935758,5,0.576875,0.0,0.5,0,381,0,0,-0.019649021327495575,235.72140502929688,1.2614550590515137,0.043345946818590164,1.0,0.315091073513031,1.0
18,1,assignment_aware,0.4446645578782409,5,0.78625,0.125,0.625,0,637,0,0,-0.00924562755972147,147.14169311523438,1.454767107963562,0.020356066524982452,1.0,0.1777002066373825,1.0
19,1,assignment_aware,0.3519984937332197,5,0.81375,0.25,0.625,0,893,0,0,-0.026745248585939407,184.71694946289062,1.4385472536087036,0.009733115322887897,1.0,0.24069242179393768,1.0
20,1,assignment_aware,1.028870376485429,6,0.28,0.125,0.125,0,149,0,0,-0.03510739654302597,541.0223388671875,1.1383432149887085,0.023906836286187172,1.0,0.24852322041988373,1.0
21,1,assignment_aware,1.1315818823429709,6,0.425625,0.125,0.125,0,405,0,0,-0.07769941538572311,310.35504150390625,1.2388182878494263,0.04856438562273979,1.0,0.16693025827407837,1.0
22,1,assignment_aware,5.196077627129853,6,0.51875,0.125,0.125,0,661,0,0,-0.01475931704044342,4582.23583984375,0.8285660743713379,0.011479201726615429,0.6666666666666666,0.16374756395816803,1.0
23,1,assignment_aware,8.150377679616213,6,0.531875,0.125,0.125,0,917,0,0,-0.04310104623436928,12534.8671875,0.4469938576221466,0.003777469741180539,0.3333333333333333,0.19754032790660858,1.0
24,1,assignment_aware,3.541711665546245,7,0.26125,0.125,0.25,0,173,0,0,-0.012294428423047066,2931.57373046875,0.9433696866035461,0.039739906787872314,1.0,0.30115994811058044,1.0
25,1,assignment_aware,3.519582364064263,7,0.399375,0.25,0.25,0,429,0,0,-0.0449368841946125,1825.9400634765625,1.035269021987915,0.031445831060409546,1.0,0.21225108206272125,1.0
26,1,assignment_aware,2.781430431001354,7,0.418125,0.25,0.375,0,685,0,0,-0.018249211832880974,3292.849853515625,0.9833851456642151,0.03202980011701584,1.0,0.2127019762992859,1.0
27,1,assignment_aware,0.4343732679189998,7,0.539375,0.375,0.5,0,941,0,0,-0.04106026887893677,173.60818481445312,1.2007006406784058,0.04574807360768318,1.0,0.22962090373039246,1.0
28,1,assignment_aware,0.33354069677443476,8,0.163125,0.0,0.0,0,197,0,0,-0.04533201828598976,598.732421875,0.7457951903343201,0.009288146160542965,1.0,0.2234502136707306,1.0
29,1,assignment_aware,0.1235404436592944,8,0.261875,0.0,0.0,0,453,0,0,-0.05089457333087921,279.47686767578125,0.5622603297233582,0.021464047953486443,1.0,0.201616108417511,1.0
30,1,assignment_aware,0.3082453071474447,8,0.40625,0.0,0.125,0,709,0,0,0.023646729066967964,194.00030517578125,0.935020923614502,0.04391750320792198,1.0,0.27172601222991943,1.0
31,1,assignment_aware,0.48195129810665094,8,0.53,0.0,0.375,0,965,0,0,-0.040060438215732574,132.89389038085938,1.2882366180419922,0.0041574337519705296,1.0,0.2631019651889801,1.0
32,1,assignment_aware,0.4985377015727863,9,0.294375,0.0,0.125,0,221,0,0,-0.01852731965482235,574.9735717773438,0.9737789034843445,0.028707632794976234,1.0,0.23096151649951935,1.0
33,1,assignment_aware,0.11243974785611499,9,0.305625,0.0,0.125,0,477,0,0,-0.038971178233623505,277.69537353515625,1.006201148033142,0.008865777403116226,1.0,0.250058114528656,1.0
34,1,assignment_aware,0.14390484752948396,9,0.31375,0.0,0.125,0,733,0,0,-0.013680823147296906,255.57521057128906,1.0462476015090942,0.005469018593430519,1.0,0.24519865214824677,1.0
35,1,assignment_aware,0.11926511366618797,9,0.32125,0.0,0.125,0,989,0,0,-0.012561125680804253,211.60638427734375,1.0742144584655762,0.009768045507371426,1.0,0.1478366255760193,1.0
36,1,assignment_aware,0.057311983400722966,10,0.149375,0.0,0.0,0,245,0,0,-0.04811703413724899,534.836181640625,1.0571602582931519,0.022001514211297035,1.0,0.26486846804618835,1.0
37,1,assignment_aware,0.971843027160503,10,0.49375,0.0,0.125,0,501,0,0,-0.024058539420366287,87.71061706542969,1.0750317573547363,0.028898028656840324,1.0,0.21207067370414734,1.0
38,1,assignment_aware,0.43876523250946775,10,0.615625,0.0,0.375,0,757,0,0,-0.020956916734576225,189.18576049804688,1.1507271528244019,0.00995365995913744,1.0,0.2430722415447235,1.0
39,1,assignment_aware,0.45249998809595127,11,0.02875,0.0,0.125,0,13,0,0,-0.020053530111908913,735.8975219726562,0.9465112090110779,0.004396491684019566,1.0,0.293890118598938,1.0
40,1,assignment_aware,1.1868783093486854,11,0.305,0.125,0.5,0,269,0,0,-0.02593770995736122,215.08493041992188,1.129438042640686,0.025874832645058632,1.0,0.23336754739284515,1.0
41,1,assignment_aware,0.5728205813684326,11,0.45,0.375,0.5,0,525,0,0,0.0008643281180411577,187.29652404785156,1.038408875465393,0.052862945944070816,1.0,0.2504189908504486,1.0
42,1,assignment_aware,0.6022633144530118,11,0.66625,0.375,0.625,0,781,0,0,-0.0279233455657959,113.24684143066406,1.1263915300369263,0.0160626620054245,1.0,0.17090487480163574,1.0
43,1,assignment_aware,0.46074208214122336,12,0.0375,0.0,0.0,0,38,0,0,-0.04069548472762108,436.4677429199219,0.912924587726593,0.01786903105676174,1.0,0.16678199172019958,1.0
44,1,assignment_aware,1.26365947186423,12,0.313125,0.125,0.375,0,294,0,0,-0.010311185382306576,149.69012451171875,0.9921731948852539,0.033774882555007935,1.0,0.21101385354995728,1.0
45,1,assignment_aware,0.21178201715429168,12,0.326875,0.125,0.375,0,550,0,0,-0.05813494324684143,233.23013305664062,1.0639222860336304,0.06100140139460564,1.0,0.14877821505069733,1.0
46,1,assignment_aware,0.4626721490709542,12,0.483125,0.125,0.625,0,806,0,0,-0.020468737930059433,110.56915283203125,1.221983551979065,0.022906774654984474,1.0,0.23169706761837006,1.0
47,1,assignment_aware,0.3827475999296439,13,0.089375,0.0,0.125,0,62,0,0,-0.011303678154945374,291.6252136230469,1.132570505142212,0.006154266651719809,1.0,0.15189850330352783,1.0
48,1,assignment_aware,0.30412167085160036,13,0.251875,0.0,0.125,0,318,0,0,-0.11088766902685165,187.861328125,1.0360015630722046,0.075252465903759,1.0,0.21266120672225952,1.0
49,1,assignment_aware,0.07974703044965281,13,0.285625,0.0,0.125,0,574,0,0,-0.03191717714071274,285.70892333984375,0.9754899144172668,0.011158443987369537,1.0,0.20351649820804596,1.0
50,1,assignment_aware,0.009402257703186478,14,0.03625,0.0,0.0,0,133,0,0,-0.016196981072425842,1130.01953125,0.5904672741889954,0.05718494951725006,1.0,0.28389307856559753,1.0
51,1,assignment_aware,1.0274089280428598,16,0.0625,0.0,0.0,0,84,0,0,-0.008668852970004082,2370.35302734375,0.7507179379463196,0.006329887080937624,1.0,0.1967359036207199,1.0
52,1,assignment_aware,0.9229231748249731,17,0.115,0.0,0.125,0,135,0,0,-0.038910456001758575,886.4940795898438,0.8648813366889954,0.02392580918967724,1.0,0.29718077182769775,1.0
53,1,assignment_aware,0.7524868773944036,17,0.28375,0.0,0.375,0,391,0,0,-0.01886257715523243,62.66963577270508,0.9373043179512024,0.023606369271874428,1.0,0.1800118386745453,1.0
54,1,assignment_aware,0.18706052078982793,18,0.100625,0.0,0.125,0,124,0,0,-0.04430551826953888,1057.376220703125,0.8745972514152527,0.019526835530996323,1.0,0.2765163779258728,1.0
55,1,assignment_aware,0.26523739928234136,18,0.124375,0.0,0.125,0,380,0,0,-0.02486487105488777,200.98855590820312,0.8067165017127991,0.02097083069384098,1.0,0.2896048128604889,1.0
56,1,assignment_aware,0.21380365602090023,19,0.16875,0.0,0.125,0,242,0,0,-0.02140435390174389,878.0780029296875,0.8650891780853271,0.027300721034407616,1.0,0.246373251080513,1.0
57,1,assignment_aware,0.11328129014509614,19,0.27875,0.0,0.125,0,498,0,0,-0.0021817144006490707,257.3125,0.7542955279350281,0.03271590918302536,1.0,0.16982896625995636,1.0
58,1,assignment_aware,-0.07546583010116592,19,0.27875,0.0,0.125,0,754,0,0,-0.023363307118415833,255.5735321044922,0.596545398235321,0.013820573687553406,1.0,0.16268542408943176,1.0
59,1,assignment_aware,3.688063824782148,20,0.126875,0.0,0.0,0,204,0,0,-0.019962310791015625,2987.761962890625,0.5273458361625671,0.012021536938846111,1.0,0.21427488327026367,1.0
60,1,assignment_aware,2.910281164386106,21,0.106875,0.0,0.0,0,81,0,0,-0.011266290210187435,2049.564697265625,0.515699565410614,0.023331666365265846,1.0,0.18110202252864838,1.0
61,1,assignment_aware,0.6429823429002681,21,0.110625,0.0,0.0,0,337,0,0,-0.02390698716044426,185.96812438964844,0.7933446764945984,0.03724905848503113,1.0,0.33624985814094543,1.0
62,1,assignment_aware,0.5296727231361729,22,0.3325,0.0,0.125,0,225,0,0,-0.03050221875309944,611.2556762695312,0.8919479846954346,0.017346197739243507,1.0,0.18865017592906952,1.0
63,1,assignment_aware,0.1439807306524017,22,0.381875,0.0,0.125,0,481,0,0,-0.06401737034320831,244.55931091308594,0.9450109004974365,-0.001928559853695333,1.0,0.23262545466423035,1.0
64,1,assignment_aware,0.14124462332983967,22,0.4025,0.0,0.125,0,737,0,0,-0.006495520006865263,187.5645751953125,0.9468507170677185,0.04388415440917015,1.0,0.09591597318649292,1.0
65,1,assignment_aware,0.08357812630129047,22,0.416875,0.0,0.125,0,993,0,0,-0.01017562672495842,56.016380310058594,0.9132763743400574,0.03295405954122543,1.0,0.1535450965166092,1.0
66,1,assignment_aware,0.8428290023985028,23,0.215625,0.125,0.25,0,249,0,0,-0.010680126957595348,257.42340087890625,1.107985019683838,0.013016258366405964,1.0,0.31469643115997314,1.0
67,1,assignment_aware,0.010618517770126346,23,0.245625,0.125,0.25,0,505,0,0,-0.0277680903673172,229.4490509033203,1.1986515522003174,0.040492843836545944,1.0,0.23998546600341797,1.0
68,1,assignment_aware,0.010550158374826424,23,0.251875,0.125,0.25,0,761,0,0,-0.02587098442018032,90.67744445800781,1.0006097555160522,0.020032865926623344,1.0,0.19861683249473572,1.0
69,1,assignment_aware,-0.013460177324304823,24,0.03875,0.0,0.0,0,17,0,0,-0.021237041801214218,62.63395690917969,0.8665668368339539,0.0466022752225399,1.0,0.2085365653038025,1.0
70,1,assignment_aware,0.5790564079215983,24,0.395,0.0,0.375,0,273,0,0,-0.0206923708319664,156.80538940429688,0.8109042048454285,0.020710913464426994,1.0,0.18743814527988434,1.0
71,1,assignment_aware,-0.005961277536698617,24,0.47875,0.0,0.375,0,529,0,0,-0.044790759682655334,128.4684600830078,0.9309021830558777,0.0242804903537035,1.0,0.15225665271282196,1.0
72,1,assignment_aware,0.7149368343950755,25,0.18375,0.125,0.125,0,211,0,0,-0.0520552396774292,207.33767700195312,0.9988911151885986,0.01586340181529522,1.0,0.21827925741672516,1.0
73,1,assignment_aware,1.6215329503684188,25,0.214375,0.125,0.125,0,467,0,0,-0.0013109361752867699,1080.1663818359375,0.8370823264122009,0.018954569473862648,1.0,0.17798930406570435,1.0
74,1,assignment_aware,2.4400635918063927,25,0.259375,0.125,0.25,0,723,0,0,-0.01889568381011486,2535.880859375,0.7175715565681458,0.021163297817111015,1.0,0.26699548959732056,1.0
75,1,assignment_aware,0.15061022500958643,25,0.3825,0.125,0.375,0,979,0,0,0.003289638552814722,151.05316162109375,0.8701364398002625,-8.058478124439716e-05,1.0,0.2418603152036667,1.0
76,1,assignment_aware,0.7853227022931151,26,0.346875,0.0,0.375,0,235,0,0,-0.004108691122382879,132.912841796875,0.75897216796875,0.006200611125677824,1.0,0.24164997041225433,1.0
77,1,assignment_aware,-0.021672144863259746,26,0.443125,0.0,0.375,0,491,0,0,-0.016300775110721588,156.28289794921875,1.0356242656707764,0.029833942651748657,1.0,0.18385697901248932,1.0
78,1,assignment_aware,0.08167558493369143,26,0.570625,0.0,0.5,0,747,0,0,-0.03874216228723526,40.91236114501953,0.9550684094429016,0.01688629947602749,1.0,0.1831912100315094,1.0
79,1,assignment_aware,-0.05892864029738121,27,0.008125,0.0,0.0,0,3,0,0,-0.007352977991104126,192.51153564453125,1.0755754709243774,0.008981487713754177,1.0,0.2071852684020996,1.0
80,1,assignment_aware,0.862402035314517,27,0.24625,0.0,0.375,0,259,0,0,-0.028751395642757416,166.519775390625,1.0675314664840698,0.04075554758310318,1.0,0.3208463490009308,1.0
81,1,assignment_aware,0.23605383438302852,27,0.290625,0.0,0.375,0,515,0,0,0.005019730888307095,19.078824996948242,1.1799691915512085,0.01819819211959839,1.0,0.2108781337738037,1.0
82,1,assignment_aware,-0.04570316845274647,27,0.305,0.0,0.375,0,771,0,0,-0.04310757666826248,10.578971862792969,1.099669337272644,0.03081008978188038,1.0,0.21153970062732697,1.0
83,1,assignment_aware,-0.02849257979687536,28,0.041875,0.0,0.0,0,27,0,0,-0.006616044323891401,142.10577392578125,0.8454635143280029,0.011900647543370724,1.0,0.23537366092205048,1.0
84,1,assignment_aware,0.23923556296358583,28,0.285625,0.0,0.125,0,283,0,0,-0.04330722987651825,103.72784423828125,0.3968476355075836,0.014602391980588436,1.0,0.19225026667118073,1.0
85,1,assignment_aware,0.6914381061245081,29,0.26375,0.0,0.25,0,130,0,0,-0.042548563331365585,423.4696960449219,0.6313609480857849,0.012883510440587997,1.0,0.28749269247055054,1.0
86,1,assignment_aware,0.28805935822674655,29,0.411875,0.0,0.375,0,386,0,0,-0.156448632478714,20.410049438476562,1.1335753202438354,0.10858464241027832,1.0,0.3616783618927002,1.0
87,1,assignment_aware,0.3941239301020687,29,0.580625,0.0,0.625,0,642,0,0,-0.033792417496442795,28.37639617919922,0.9847294688224792,0.005662341136485338,1.0,0.2006159871816635,1.0
88,1,assignment_aware,-0.010630618126015179,29,0.60625,0.0,0.625,0,898,0,0,-0.048858463764190674,32.01539993286133,0.9715909957885742,0.03472552075982094,1.0,0.18931299448013306,1.0
89,1,assignment_aware,0.024487361475166836,30,0.10125,0.0,0.0,0,154,0,0,-0.1097601130604744,281.05194091796875,0.7096379399299622,0.008562303148210049,1.0,0.30856525897979736,1.0
90,1,assignment_aware,-0.17460814416699577,30,0.186875,0.0,0.0,0,410,0,0,-0.026443205773830414,93.27813720703125,0.5074259638786316,-0.0031120674684643745,1.0,0.2248232215642929,1.0
91,1,assignment_aware,0.7093705482402584,30,0.43,0.0,0.25,0,666,0,0,-0.04164145514369011,100.00210571289062,0.7663386464118958,0.021126175299286842,1.0,0.252648264169693,1.0
92,1,assignment_aware,0.34656929563243466,30,0.54625,0.0,0.5,0,922,0,0,-0.028024781495332718,83.82682800292969,1.0134904384613037,0.014285065233707428,1.0,0.24301549792289734,1.0
93,1,assignment_aware,0.8823320996430084,31,0.295625,0.0,0.375,0,178,0,0,-0.06115762144327164,333.34771728515625,0.8674147725105286,0.027906619012355804,1.0,0.14534153044223785,1.0
94,1,assignment_aware,0.5558756050813827,31,0.41625,0.125,0.5,0,434,0,0,-0.08898802101612091,36.07952880859375,0.9272446632385254,0.02177678607404232,1.0,0.2621642053127289,1.0
95,1,assignment_aware,0.3114149590919624,31,0.476875,0.25,0.625,0,690,0,0,-0.03889399766921997,46.71287536621094,0.8441386222839355,0.021541262045502663,1.0,0.3230755031108856,1.0
96,1,assignment_aware,0.04455765028251335,31,0.516875,0.25,0.625,0,946,0,0,-0.032770056277513504,34.316375732421875,0.9491936564445496,0.04552910849452019,1.0,0.2040632963180542,1.0
97,1,assignment_aware,3.706660149862728,32,0.236875,0.0,0.0,0,202,0,0,-0.006971853785216808,3086.415283203125,0.6287844181060791,0.0012608867837116122,1.0,0.20635071396827698,1.0
98,1,assignment_aware,0.5293428680615762,32,0.390625,0.0,0.125,0,458,0,0,-0.019259991124272346,115.75182342529297,0.7678081393241882,0.02433549426496029,1.0,0.20021598041057587,1.0
99,1,assignment_aware,0.14209103082248475,32,0.4125,0.0,0.125,0,714,0,0,-0.03595771640539169,13.817718505859375,0.8339651226997375,0.015331909991800785,1.0,0.24555155634880066,1.0
100,1,assignment_aware,0.4421942941087309,32,0.49875,0.0,0.375,0,970,0,0,-0.04130119830369949,84.75194549560547,0.8987553119659424,0.006442162673920393,1.0,0.2734566330909729,1.0
101,1,assignment_aware,0.902063522804383,33,0.42375,0.125,0.5,0,226,0,0,-0.011853978037834167,157.34225463867188,0.6934375762939453,0.004711760673671961,1.0,0.19138070940971375,1.0
102,1,assignment_aware,0.21617724106363312,33,0.5225,0.125,0.625,0,482,0,0,-0.03712425380945206,19.24928092956543,0.8875163197517395,0.06267201155424118,1.0,0.2403162717819214,1.0
103,1,assignment_aware,0.2988099209151187,33,0.60875,0.125,0.625,0,738,0,0,-0.03337682783603668,10.815032958984375,0.9924965500831604,0.02873660810291767,1.0,0.2120646983385086,1.0
104,1,assignment_aware,0.22551318991281732,33,0.67875,0.125,0.75,0,994,0,0,-0.006945330649614334,40.626590728759766,0.8496500849723816,0.013542995788156986,1.0,0.15670070052146912,1.0
105,1,assignment_aware,6.624157398648094,34,0.3375,0.0,0.0,0,250,0,0,-0.04761902242898941,10469.201171875,0.40123942494392395,0.02388601005077362,1.0,0.22990870475769043,1.0
106,1,assignment_aware,2.58455244184006,34,0.428125,0.0,0.125,0,506,0,0,-0.044336721301078796,3010.586669921875,0.4712938368320465,0.030247801914811134,1.0,0.23565886914730072,1.0
107,1,assignment_aware,0.3769147381899529,34,0.651875,0.0,0.5,0,762,0,0,-0.003410838544368744,70.91694641113281,0.8523592352867126,0.018476586788892746,1.0,0.30122116208076477,1.0
108,1,assignment_aware,0.35069081048035855,35,0.043125,0.0,0.125,0,18,0,0,-0.02423805743455887,38.881385803222656,0.7334997057914734,0.045852791517972946,1.0,0.2687112092971802,1.0
109,1,assignment_aware,0.5508404120422483,35,0.470625,0.0,0.25,0,274,0,0,-0.05760953575372696,78.3299560546875,0.839022159576416,0.01547581423074007,1.0,0.22846795618534088,1.0
110,1,assignment_aware,0.5563926148388418,35,0.548125,0.125,0.375,0,530,0,0,-0.0460929311811924,40.64577102661133,0.7547580599784851,0.034935664385557175,1.0,0.2591288387775421,1.0
111,1,assignment_aware,0.4454263899824582,35,0.65,0.125,0.5,0,786,0,0,-0.05723240226507187,133.3732452392578,0.6891006827354431,0.07759960740804672,1.0,0.3044506013393402,1.0
112,1,assignment_aware,0.33900502472533844,36,0.0725,0.0,0.0,0,42,0,0,-0.0034670718014240265,152.3734893798828,0.7934196591377258,0.005130203906446695,1.0,0.2285325676202774,1.0
113,1,assignment_aware,0.674297836390906,36,0.444375,0.0,0.125,0,298,0,0,-0.011410648003220558,105.62643432617188,0.6935102939605713,0.05129564180970192,1.0,0.25675761699676514,1.0
114,1,assignment_aware,0.46955587241336616,37,0.225625,0.0,0.375,0,122,0,0,-0.03820923715829849,303.3423767089844,0.6655465960502625,0.026339128613471985,1.0,0.2464582771062851,1.0
115,1,assignment_aware,-0.1581506877571428,37,0.336875,0.0,0.375,0,378,0,0,-0.0064322371035814285,19.946231842041016,0.9001877307891846,0.03030075877904892,1.0,0.1557580679655075,1.0
116,1,assignment_aware,0.1311019231670798,37,0.375625,0.0,0.5,0,634,0,0,-0.0475795678794384,8.463920593261719,1.0174142122268677,0.029247716069221497,1.0,0.17991217970848083,1.0
117,1,assignment_aware,0.010505386996783272,37,0.49125,0.0,0.5,0,890,0,0,0.039081621915102005,24.498266220092773,0.873561680316925,0.03870341554284096,1.0,0.14924682676792145,1.0
118,1,assignment_aware,0.7861100288192802,38,0.385,0.0,0.625,0,146,0,0,-0.007761599961668253,158.12246704101562,0.721663773059845,0.02561107836663723,1.0,0.2850738763809204,1.0
119,1,assignment_aware,-0.10250516210362548,38,0.468125,0.0,0.625,0,402,0,0,-0.024607716128230095,17.22321319580078,0.6906546950340271,0.011797427199780941,1.0,0.29736220836639404,1.0
120,1,assignment_aware,-0.18071863715385916,38,0.5425,0.0,0.625,0,658,0,0,-0.043631114065647125,52.81007385253906,0.6876142024993896,0.031660452485084534,1.0,0.08442974835634232,1.0
121,1,assignment_aware,0.2535202451472287,38,0.551875,0.0,0.625,0,914,0,0,-0.028951451182365417,83.0665512084961,0.866041362285614,0.02036415971815586,1.0,0.2192866951227188,1.0
122,1,assignment_aware,0.6236991192836285,39,0.349375,0.0,0.25,0,170,0,0,-0.07120326906442642,82.00061798095703,0.48364758491516113,0.01622079871594906,1.0,0.2479051947593689,1.0
123,1,assignment_aware,-0.07884337326686364,39,0.51,0.0,0.25,0,426,0,0,0.011533934623003006,10.753687858581543,0.31666794419288635,-0.0006580568733625114,1.0,0.10467353463172913,1.0
124,1,assignment_aware,-0.1915634690085426,39,0.51625,0.0,0.25,0,682,0,0,-0.008310860022902489,11.91630744934082,0.36552342772483826,0.003977255895733833,1.0,0.0958813950419426,1.0
125,1,assignment_aware,-0.05667761260338011,39,0.561875,0.0,0.375,0,938,0,0,-0.014090748503804207,7.458552360534668,0.5748243927955627,0.011864140629768372,1.0,0.1259506493806839,1.0
126,1,assignment_aware,0.7285649603381898,40,0.340625,0.0,0.25,0,194,0,0,-0.004089199006557465,96.01909637451172,0.5779559016227722,0.01678856834769249,1.0,0.3202715814113617,1.0
127,1,assignment_aware,0.6857806506450288,40,0.480625,0.0,0.375,0,450,0,0,-0.03806433454155922,96.661865234375,0.7129580974578857,0.019040392711758614,1.0,0.21794289350509644,1.0
128,1,assignment_aware,0.5601114053206402,40,0.533125,0.0,0.5,0,706,0,0,-0.026321033015847206,60.982322692871094,0.7306418418884277,0.03234117105603218,1.0,0.26163768768310547,1.0
129,1,assignment_aware,0.5271900916122831,40,0.53375,0.0,0.5,0,962,0,0,-0.03511446714401245,82.54894256591797,0.6337010264396667,0.015820061787962914,1.0,0.2871635854244232,1.0
130,1,assignment_aware,0.19335123991186265,41,0.1725,0.0,0.0,0,218,0,0,-0.00837225466966629,193.72369384765625,0.6902250647544861,0.0035762700717896223,1.0,0.2593345642089844,1.0
131,1,assignment_aware,0.39597816894820426,41,0.54875,0.0,0.25,0,474,0,0,-0.06559247523546219,104.26994323730469,0.6759824156761169,0.020232757553458214,1.0,0.15928718447685242,1.0
132,1,assignment_aware,0.12533228965912713,41,0.598125,0.0,0.25,0,730,0,0,-0.03358278051018715,20.818519592285156,0.614479124546051,0.03793517127633095,1.0,0.2857294976711273,1.0
133,1,assignment_aware,0.10260486835568372,41,0.610625,0.0,0.25,0,986,0,0,0.015044309198856354,3.9022927284240723,0.7122214436531067,0.005306543782353401,1.0,0.19765669107437134,1.0
134,1,assignment_aware,0.8709756590469624,42,0.419375,0.0,0.25,0,242,0,0,-0.0381089486181736,120.88768768310547,0.6509590744972229,0.013018988072872162,1.0,0.3260953426361084,1.0
135,1,assignment_aware,-0.08058318543771747,45,0.1375,0.0,0.0,0,119,0,0,-0.04327135533094406,1173.0216064453125,0.6407333016395569,0.018396252766251564,1.0,0.17255212366580963,1.0
136,1,assignment_aware,0.7315805041980639,45,0.41375,0.0,0.125,0,375,0,0,-0.044866759330034256,113.72097778320312,0.8011872172355652,0.03527919575572014,1.0,0.2288515567779541,1.0
137,1,assignment_aware,0.9138714120005034,45,0.613125,0.0,0.625,0,631,0,0,-0.020413702353835106,146.4158172607422,0.8132002949714661,0.028617283329367638,1.0,0.16193613409996033,1.0
138,1,assignment_aware,0.290715000446653,47,0.165,0.0,0.0,0,211,0,0,-0.034440334886312485,542.4909057617188,0.5220567584037781,0.023314232006669044,1.0,0.23617160320281982,1.0
139,1,assignment_aware,0.3207455791598477,47,0.383125,0.0,0.25,0,467,0,0,-0.02337372675538063,11.48707103729248,0.7573714256286621,0.04312966763973236,1.0,0.23356710374355316,1.0
140,1,assignment_aware,0.2794798747781897,47,0.44,0.0,0.25,0,723,0,0,0.11083982139825821,11.149572372436523,0.6619989275932312,0.11714917421340942,1.0,0.07454074174165726,1.0
141,1,assignment_aware,0.36613665552067687,47,0.48375,0.0,0.5,0,979,0,0,0.0026257410645484924,43.80931854248047,0.80613774061203,0.010036633349955082,1.0,0.13446339964866638,1.0
142,1,assignment_aware,-1.303113947120437,58,0.005625,0.0,0.0,0,0,0,0,0.004531368613243103,4208.6162109375,0.747913658618927,0.005988158285617828,1.0,0.20471465587615967,1.0
143,1,assignment_aware,0.7535828188456435,58,0.439375,0.0,0.25,0,256,0,0,-0.041255198419094086,108.52323150634766,0.6715070605278015,0.002391171408817172,1.0,0.23869039118289948,1.0
144,1,assignment_aware,0.23225284310206007,58,0.451875,0.0,0.25,0,512,0,0,-0.03504437208175659,31.48405647277832,0.6431125402450562,0.014843431301414967,1.0,0.24101553857326508,1.0
145,1,assignment_aware,0.10580848110112129,58,0.451875,0.0,0.25,0,768,0,0,-0.007410094141960144,30.978450775146484,0.5964820384979248,0.006910726893693209,1.0,0.2143164426088333,1.0
146,1,assignment_aware,0.31166535141426266,59,0.056875,0.0,0.125,0,24,0,0,-0.07238008081912994,75.87065124511719,0.6675853729248047,0.007700491230934858,1.0,0.22958320379257202,1.0
147,1,assignment_aware,1.1568245679654865,59,0.46375,0.125,0.375,0,280,0,0,-0.02406882867217064,271.52642822265625,1.0184077024459839,0.012865724973380566,1.0,0.27516040205955505,1.0
148,1,assignment_aware,0.9192617064261412,59,0.640625,0.25,0.5,0,536,0,0,-0.019217755645513535,517.327392578125,1.0577312707901,0.024291247129440308,1.0,0.22738374769687653,1.0
149,1,assignment_aware,-0.029043293341601384,59,0.693125,0.375,0.5,0,792,0,0,-0.027136676013469696,26.866161346435547,0.7619180679321289,0.07013817876577377,1.0,0.20751109719276428,1.0
150,1,assignment_aware,0.8922949304251233,60,0.10875,0.0,0.0,0,48,0,0,0.012889411300420761,487.44097900390625,0.7742199301719666,0.052632857114076614,1.0,0.27613145112991333,1.0
151,1,assignment_aware,0.44679678191846506,60,0.431875,0.0,0.125,0,304,0,0,-0.025437211617827415,43.43434524536133,0.7542864680290222,0.02630826085805893,1.0,0.18565210700035095,1.0
152,1,assignment_aware,0.05938378123391885,64,0.21625,0.0,0.25,0,97,0,0,-0.04551923647522926,1365.3970947265625,0.733996570110321,0.01032781321555376,1.0,0.29830220341682434,1.0
153,1,assignment_aware,-0.09188628860988501,64,0.376875,0.0,0.5,0,353,0,0,-0.04379143938422203,35.210636138916016,0.9156247973442078,0.003042021067813039,1.0,0.27026093006134033,1.0
154,1,assignment_aware,-0.2145796565425826,64,0.3775,0.0,0.5,0,609,0,0,-0.026576843112707138,35.13136291503906,0.994657039642334,0.009839576669037342,1.0,0.13058125972747803,1.0
155,1,assignment_aware,0.21207701983411198,64,0.415625,0.125,0.5,0,865,0,0,-0.014749499037861824,35.944480895996094,1.049378514289856,0.018809668719768524,1.0,0.265646755695343,1.0
156,1,assignment_aware,0.6223378256017895,65,0.243125,0.0,0.25,0,121,0,0,-0.04418091103434563,193.51893615722656,0.8729472160339355,0.05146077275276184,1.0,0.27083685994148254,1.0
157,1,assignment_aware,0.160073140727377,65,0.376875,0.0,0.25,0,377,0,0,-8.260831236839294e-05,34.39229965209961,0.5755216479301453,0.005729622673243284,1.0,0.314716637134552,1.0
158,1,assignment_aware,0.14460605620479328,65,0.454375,0.0,0.5,0,633,0,0,-0.010854214429855347,24.757823944091797,0.6053037643432617,0.02156095765531063,1.0,0.2264772206544876,1.0
159,1,assignment_aware,0.3136098838003818,65,0.5975,0.0,0.5,0,889,0,0,-0.02293907105922699,7.757619857788086,0.5848605036735535,0.09307342767715454,1.0,0.27332034707069397,1.0
160,1,assignment_aware,0.1376040471614033,66,0.18,0.0,0.0,0,145,0,0,-0.07801423966884613,18.831249237060547,0.5538023114204407,0.046651795506477356,1.0,0.23752108216285706,1.0
161,1,assignment_aware,0.021476819176314166,66,0.19375,0.0,0.0,0,401,0,0,-0.014348061755299568,66.63690185546875,0.5245988965034485,0.016107765957713127,1.0,0.12562383711338043,1.0
162,1,assignment_aware,0.06393128326817532,66,0.19375,0.0,0.0,0,657,0,0,-0.009867805056273937,16.82486343383789,0.5702281594276428,0.0028034464921802282,1.0,0.3308418095111847,1.0
163,1,assignment_aware,0.07434445127728395,66,0.201875,0.0,0.0,0,913,0,0,-0.03084205836057663,6.458127975463867,0.5391718745231628,0.05056954547762871,1.0,0.14993631839752197,1.0
164,1,assignment_aware,0.5775700413614686,67,0.355,0.0,0.0,0,169,0,0,-0.18243128061294556,161.13905334472656,0.6551910638809204,0.0052893818356096745,1.0,0.14695380628108978,1.0
165,1,assignment_aware,0.37872915194020607,67,0.6175,0.0,0.625,0,425,0,0,-0.08779656141996384,54.93367004394531,0.5088759064674377,0.05066104605793953,1.0,0.38865944743156433,1.0
166,1,assignment_aware,0.1196813786009443,67,0.6975,0.0,0.625,0,681,0,0,-0.042291346937417984,3.6900830268859863,0.6083016395568848,0.02050371654331684,1.0,0.24236294627189636,1.0
167,1,assignment_aware,0.2736914995693951,67,0.7175,0.0,0.75,0,937,0,0,-0.04931853711605072,19.21691131591797,0.679914653301239,0.01466286089271307,1.0,0.24724821746349335,1.0
168,1,assignment_aware,0.37847971982409945,68,0.223125,0.0,0.0,0,193,0,0,-0.003143804147839546,58.134613037109375,0.738353431224823,0.007659269031137228,1.0,0.20830479264259338,1.0
169,1,assignment_aware,0.19528836458266596,68,0.32875,0.0,0.125,0,449,0,0,-0.010617556050419807,20.100120544433594,0.7522029876708984,0.005485563073307276,1.0,0.16471773386001587,1.0
170,1,assignment_aware,0.08670643091136299,68,0.408125,0.0,0.125,0,705,0,0,-0.029170513153076172,8.128911972045898,0.6067363619804382,0.03636154904961586,1.0,0.25214946269989014,1.0
171,1,assignment_aware,0.5513611889327876,68,0.45,0.0,0.25,0,961,0,0,-0.03251289948821068,80.74510192871094,0.8724973797798157,0.028827659785747528,1.0,0.18649762868881226,1.0
172,1,assignment_aware,0.3099999922706047,69,0.3025,0.0,0.125,0,217,0,0,-0.0267653726041317,39.157958984375,0.7957074046134949,0.0261505376547575,1.0,0.25079309940338135,1.0
173,1,assignment_aware,0.6166646718952506,69,0.49375,0.0,0.375,0,473,0,0,-0.011134764179587364,80.78279113769531,0.7554965615272522,0.0031267760787159204,1.0,0.1879860907793045,1.0
174,1,assignment_aware,0.24926697264891118,69,0.529375,0.0,0.375,0,729,0,0,-0.030501971021294594,6.486654281616211,0.716256856918335,0.022162487730383873,1.0,0.24676579236984253,1.0
175,1,assignment_aware,0.1263330397705431,69,0.540625,0.0,0.375,0,985,0,0,-0.04096215218305588,3.6930975914001465,0.7724194526672363,0.024988651275634766,1.0,0.18072065711021423,1.0
176,1,assignment_aware,1.0011111907151644,70,0.245625,0.0,0.375,0,241,0,0,-0.06866979598999023,275.8066711425781,1.0403016805648804,0.015231276862323284,1.0,0.3015940189361572,1.0
177,1,assignment_aware,0.24046599442954175,70,0.293125,0.0,0.5,0,497,0,0,-0.013863928616046906,5.897017955780029,1.061343789100647,0.039004143327474594,1.0,0.2905943989753723,1.0
178,1,assignment_aware,0.32058261436367275,70,0.331875,0.0,0.5,0,753,0,0,-0.058783624321222305,5.190798759460449,1.0369033813476562,0.028870729729533195,1.0,0.12410338968038559,1.0
179,1,assignment_aware,0.49844445343478583,71,0.18125,0.0,0.25,0,141,0,0,-0.014410190284252167,311.76904296875,0.9552550911903381,0.010385263711214066,1.0,0.18291595578193665,1.0
180,1,assignment_aware,0.51864262764866,71,0.3125,0.0,0.375,0,397,0,0,-0.036083076149225235,11.579679489135742,0.807064950466156,0.025260940194129944,1.0,0.2654016315937042,1.0
181,1,assignment_aware,0.3907019489377035,72,0.133125,0.0,0.125,0,160,0,0,-0.03352920711040497,175.07171630859375,0.8204757571220398,0.015460103750228882,1.0,0.2582683563232422,1.0
182,1,assignment_aware,0.74753167605013,72,0.478125,0.0,0.375,0,416,0,0,-0.030437687411904335,161.0782470703125,0.7651286125183105,0.0013640712713822722,1.0,0.2659326195716858,1.0
183,1,assignment_aware,0.46703478230256223,72,0.596875,0.0,0.5,0,672,0,0,0.009454833343625069,14.58009147644043,0.7213442325592041,0.013504969887435436,1.0,0.15432704985141754,1.0
184,1,assignment_aware,0.3587223360293592,72,0.626875,0.0,0.5,0,928,0,0,-0.03739885240793228,7.252703666687012,0.730130672454834,0.05328774079680443,1.0,0.07553968578577042,1.0
185,1,assignment_aware,0.9863556960888218,73,0.26,0.0,0.5,0,184,0,0,-0.03312622010707855,207.03125,0.8156387209892273,0.005473511293530464,1.0,0.27421024441719055,1.0
186,1,assignment_aware,0.5168190833774133,73,0.38375,0.125,0.5,0,440,0,0,-0.04365025833249092,70.995361328125,0.7637308239936829,0.007745053619146347,1.0,0.29815152287483215,1.0
187,1,assignment_aware,0.2567435519576975,73,0.404375,0.125,0.5,0,696,0,0,-0.007036999333649874,5.950233459472656,0.7670478224754333,0.015991775318980217,1.0,0.25278034806251526,1.0
188,1,assignment_aware,0.272652027246977,74,0.199375,0.0,0.125,0,148,0,0,-0.023846890777349472,126.91326141357422,0.6723057627677917,0.006933465134352446,1.0,0.2910068929195404,1.0
189,1,assignment_aware,0.06691467940618168,74,0.3775,0.0,0.125,0,404,0,0,-0.030798695981502533,59.95161437988281,0.7422650456428528,0.012732140719890594,1.0,0.24129267036914825,1.0
190,1,assignment_aware,0.07791534526768373,74,0.4425,0.0,0.25,0,660,0,0,-0.031756192445755005,50.084877014160156,0.6916439533233643,0.021420612931251526,1.0,0.21034319698810577,1.0
191,1,assignment_aware,-0.09485212346771732,74,0.4425,0.0,0.25,0,916,0,0,-0.03685300797224045,39.9114875793457,0.6701915860176086,0.003747728653252125,1.0,0.2564893066883087,1.0
192,1,assignment_aware,0.5526918152572762,75,0.28,0.0,0.25,0,172,0,0,-0.11376449465751648,141.07763671875,0.6849109530448914,0.009856849908828735,1.0,0.3042295575141907,1.0
193,1,assignment_aware,0.0978879721260455,75,0.400625,0.0,0.25,0,428,0,0,-0.03535574674606323,14.921608924865723,0.7231218218803406,0.015995649620890617,1.0,0.1003492996096611,1.0
194,1,assignment_aware,0.06558477439102717,75,0.400625,0.0,0.25,0,684,0,0,-0.037321195006370544,9.062742233276367,0.7918429374694824,0.03304467722773552,1.0,0.23979593813419342,1.0
195,1,assignment_aware,0.509468406358792,75,0.448125,0.0,0.25,0,940,0,0,-0.02900553308427334,61.21619415283203,0.757720947265625,0.011167754419147968,1.0,0.22718286514282227,1.0
196,1,assignment_aware,0.1267538211104693,76,0.12875,0.0,0.0,0,196,0,0,-0.032844655215740204,26.038297653198242,0.5456289052963257,0.016612758859992027,1.0,0.20243164896965027,1.0
197,1,assignment_aware,-0.0014518211100948974,76,0.189375,0.0,0.0,0,452,0,0,-0.004059197381138802,16.800416946411133,0.6411733031272888,0.007897553965449333,1.0,0.2921919524669647,1.0
198,1,assignment_aware,0.1621387076968972,76,0.414375,0.0,0.375,0,708,0,0,-0.021554574370384216,25.068748474121094,0.5232680439949036,0.02227468229830265,1.0,0.2874734401702881,1.0
199,1,assignment_aware,0.04383601308654761,76,0.561875,0.0,0.625,0,964,0,0,-0.0547550693154335,28.355716705322266,0.6255581974983215,0.0727478414773941,1.0,0.23126980662345886,1.0
200,1,assignment_aware,0.5369545138673857,77,0.25125,0.0,0.375,0,220,0,0,-0.0028514545410871506,104.91856384277344,0.6505092978477478,-0.0010539410868659616,1.0,0.24366553127765656,1.0
201,1,assignment_aware,-0.07997841489850543,77,0.253125,0.0,0.375,0,476,0,0,-0.0015807151794433594,33.13945770263672,0.5916673541069031,0.006340181455016136,1.0,0.11374401301145554,1.0
202,1,assignment_aware,0.08884823462722125,77,0.449375,0.0,0.625,0,732,0,0,-0.02852456644177437,6.500640869140625,0.6873819828033447,0.0184128750115633,1.0,0.16533051431179047,1.0
203,1,assignment_aware,-0.09349145408486947,78,0.10125,0.0,0.0,0,213,0,0,-0.029935084283351898,89.97904205322266,0.5711691975593567,0.0017666229978203773,1.0,0.3355136811733246,1.0
204,1,assignment_aware,0.11166325892918394,78,0.1825,0.0,0.0,0,469,0,0,-0.00935831107199192,6.151461601257324,0.6848936080932617,0.006087272893637419,1.0,0.101719930768013,1.0
205,1,assignment_aware,0.15784589035081353,78,0.3775,0.0,0.125,0,725,0,0,-0.03762062266469002,7.474667549133301,0.6958218216896057,0.01209386344999075,1.0,0.24801331758499146,1.0
206,1,assignment_aware,-0.03198811269248836,78,0.386875,0.0,0.125,0,981,0,0,0.021353770047426224,2.0169830322265625,0.59384685754776,0.01614435203373432,1.0,0.038195885717868805,1.0
207,1,assignment_aware,0.5174437840478276,79,0.381875,0.0,0.125,0,237,0,0,-0.05051419883966446,138.63858032226562,0.6567962765693665,0.0267015490680933,1.0,0.2583576440811157,1.0
208,1,assignment_aware,0.06295455322549515,80,0.251875,0.0,0.125,0,233,0,0,-0.037025779485702515,144.2698516845703,0.6585251688957214,0.027865467593073845,1.0,0.26129835844039917,1.0
209,1,assignment_aware,0.04911261140659917,80,0.30375,0.0,0.125,0,489,0,0,-0.03287035599350929,3.2076597213745117,0.5920763611793518,0.05844588577747345,1.0,0.22742155194282532,1.0
210,1,assignment_aware,0.027737508433347102,80,0.31125,0.0,0.125,0,745,0,0,-0.010138786397874355,0.595832109451294,0.5406283736228943,0.005587251391261816,1.0,0.0755896270275116,1.0
211,1,assignment_aware,0.019791011050983798,81,0.0075,0.0,0.0,0,1,0,0,8.595641702413559e-05,0.9903827905654907,0.5633487701416016,0.005136287305504084,1.0,0.12422460317611694,1.0
212,1,assignment_aware,0.06577648121310631,81,0.188125,0.0,0.0,0,257,0,0,-0.010258430615067482,4.366026878356934,0.39039769768714905,0.01344901043921709,1.0,0.17474767565727234,1.0
213,1,assignment_aware,0.08164228896930581,81,0.206875,0.0,0.0,0,513,0,0,-0.044135160744190216,1.9710333347320557,0.617642879486084,0.03187362104654312,1.0,0.02083309181034565,1.0
214,1,assignment_aware,0.2564478369313292,81,0.209375,0.0,0.0,0,769,0,0,0.001493082381784916,21.92827796936035,0.6191036701202393,0.000546982220839709,1.0,0.19617372751235962,1.0
215,1,assignment_aware,0.17322819666969735,82,0.045625,0.0,0.0,0,25,0,0,-0.016688860952854156,9.075379371643066,0.5635718703269958,0.024266203865408897,1.0,0.2879136800765991,1.0
216,1,assignment_aware,0.028876798081910238,82,0.17375,0.0,0.0,0,281,0,0,-0.03569667041301727,4.843790054321289,0.4685608446598053,0.02270493097603321,1.0,0.30606701970100403,1.0
217,1,assignment_aware,0.19441686723439489,82,0.229375,0.0,0.125,0,537,0,0,-0.0006601815111935139,40.196380615234375,0.6194949746131897,0.004495579283684492,1.0,0.10000678896903992,1.0
218,1,assignment_aware,0.23346589903667336,82,0.35625,0.0,0.25,0,793,0,0,-0.03557558357715607,11.740026473999023,0.7376835346221924,0.021163983270525932,1.0,0.1813850849866867,1.0
219,1,assignment_aware,0.1873615364600596,83,0.12875,0.0,0.0,0,49,0,0,-0.05334257334470749,5.903263092041016,0.717827320098877,0.004885599482804537,1.0,0.22185030579566956,1.0
220,1,assignment_aware,0.35129715284710983,83,0.273125,0.0,0.0,0,305,0,0,-0.04144793748855591,30.298648834228516,0.7365220189094543,0.012273285537958145,1.0,0.3259832561016083,1.0
221,1,assignment_aware,0.27859236566655454,83,0.42375,0.0,0.125,0,561,0,0,-0.009627076797187328,10.087108612060547,0.733710765838623,0.015582013875246048,1.0,0.28239837288856506,1.0
222,1,assignment_aware,-0.010621199216984678,83,0.43,0.0,0.125,0,817,0,0,-0.06354527175426483,5.098176956176758,0.6581979393959045,0.026180928573012352,1.0,0.043451566249132156,1.0
223,1,assignment_aware,0.08143245232349727,84,0.074375,0.0,0.0,0,73,0,0,-0.010361716151237488,4.432852268218994,0.5737658143043518,0.062023598700761795,1.0,0.399150013923645,1.0
224,1,assignment_aware,0.4873012781872603,84,0.321875,0.0,0.625,0,329,0,0,-0.035909611731767654,88.96273803710938,0.606602668762207,0.035791072994470596,1.0,0.28447455167770386,1.0
225,1,assignment_aware,-0.06955373854964364,84,0.4125,0.0,0.625,0,585,0,0,-0.02458917908370495,18.013853073120117,0.6019944548606873,0.0238021370023489,1.0,0.16357113420963287,1.0
226,1,assignment_aware,0.030977326350694057,84,0.440625,0.0,0.625,0,841,0,0,0.033411797136068344,1.9726321697235107,0.6074509620666504,0.004643207415938377,1.0,0.024999164044857025,1.0
227,1,assignment_aware,0.4000935955045861,85,0.12625,0.0,0.375,0,97,0,0,-0.032088812440633774,193.33505249023438,0.6086686849594116,0.009428504854440689,1.0,0.1814105063676834,1.0
228,1,assignment_aware,0.18498244177681045,85,0.301875,0.0,0.5,0,353,0,0,-0.005399616435170174,10.998574256896973,0.7199361324310303,-8.70701260282658e-05,1.0,0.3262316584587097,1.0
229,1,assignment_aware,0.40982912440085784,85,0.33,0.0,0.625,0,609,0,0,-0.025218084454536438,26.602752685546875,0.7562643885612488,0.016025733202695847,1.0,0.23811276257038116,1.0
230,1,assignment_aware,0.3967636885936372,85,0.334375,0.0,0.625,0,865,0,0,-0.026509582996368408,28.70425033569336,0.7101545333862305,0.01635398529469967,1.0,0.15099236369132996,1.0
231,1,assignment_aware,0.22639119267842034,86,0.14625,0.0,0.0,0,121,0,0,-0.015671230852603912,6.978577613830566,0.641032874584198,0.009988917037844658,1.0,0.3717420697212219,1.0
232,1,assignment_aware,0.21075515275879297,86,0.355625,0.0,0.125,0,377,0,0,-0.0014406130649149418,8.684144973754883,0.7187096476554871,0.007699868176132441,1.0,0.09784910082817078,1.0
233,1,assignment_aware,0.21312435032086796,86,0.5125,0.0,0.25,0,633,0,0,-0.013166427612304688,30.67782974243164,0.717158854007721,0.03340714052319527,1.0,0.15120235085487366,1.0
234,1,assignment_aware,0.4520557410978654,86,0.709375,0.0,0.75,0,889,0,0,-0.009091082960367203,49.565528869628906,0.6886056065559387,0.015775857493281364,1.0,0.2858824133872986,1.0
235,1,assignment_aware,1.0561462654986826,87,0.15625,0.0,0.25,0,145,0,0,-0.018854815512895584,406.51776123046875,0.5818549394607544,0.021680669859051704,1.0,0.20503725111484528,1.0
236,1,assignment_aware,0.8833120578965463,87,0.279375,0.0,0.375,0,401,0,0,0.00036103324964642525,354.2784118652344,0.7117047905921936,0.042442310601472855,1.0,0.37440699338912964,1.0
237,1,assignment_aware,0.2839788836718071,87,0.33375,0.0,0.375,0,657,0,0,-0.03524627164006233,4.4591546058654785,0.7302265167236328,0.028454000130295753,1.0,0.19844041764736176,1.0
238,1,assignment_aware,0.36189099395414814,87,0.350625,0.0,0.375,0,913,0,0,-0.035279713571071625,12.516347885131836,0.7188820838928223,0.029527276754379272,1.0,0.2052372246980667,1.0
239,1,assignment_aware,1.371230793014547,88,0.214375,0.125,0.25,0,169,0,0,-0.02282419428229332,555.9061889648438,0.6121721863746643,0.007692987564951181,1.0,0.33330461382865906,1.0
240,1,assignment_aware,0.19828058418988803,88,0.286875,0.125,0.375,0,425,0,0,-0.031684622168540955,56.59221649169922,0.6800651550292969,0.0942356288433075,1.0,0.25280147790908813,1.0
241,1,assignment_aware,0.456110603578054,88,0.47375,0.125,0.5,0,681,0,0,-0.019634172320365906,30.143280029296875,0.7274675369262695,0.007368642836809158,1.0,0.20476201176643372,1.0
242,1,assignment_aware,0.13308948262965714,88,0.53375,0.125,0.5,0,937,0,0,-0.005749480798840523,2.8860645294189453,0.7541537284851074,0.010073882527649403,1.0,0.12809985876083374,1.0
243,1,assignment_aware,0.2637372095259707,89,0.275,0.0,0.0,0,193,0,0,-0.029469821602106094,42.14891052246094,0.5012577176094055,0.037985678762197495,1.0,0.19826668500900269,1.0
244,1,assignment_aware,0.41864240339378966,89,0.374375,0.0,0.25,0,449,0,0,-0.031843189150094986,62.22112274169922,0.7215883731842041,0.017080845311284065,1.0,0.27546730637550354,1.0
245,1,assignment_aware,0.1992742276415811,89,0.48125,0.0,0.375,0,705,0,0,-0.011350146494805813,11.11503791809082,0.7782068848609924,0.03781840577721596,1.0,0.30173003673553467,1.0
246,1,assignment_aware,0.603736952838517,89,0.560625,0.0,0.5,0,961,0,0,-0.05187241733074188,78.23960876464844,0.7797703742980957,0.014301815070211887,1.0,0.26931583881378174,1.0
247,1,assignment_aware,0.47885057938765385,90,0.376875,0.0,0.375,0,217,0,0,-0.009904916398227215,66.2198486328125,0.5947317481040955,0.02955706976354122,1.0,0.2754451036453247,1.0
248,1,assignment_aware,0.06477976392307028,90,0.51125,0.0,0.5,0,473,0,0,-0.02276422455906868,13.040708541870117,0.7760464549064636,0.015982048586010933,1.0,0.3876422941684723,1.0
249,1,assignment_aware,0.25774189615185605,90,0.594375,0.0,0.5,0,729,0,0,-0.03657558932900429,7.2010979652404785,0.7968565821647644,0.04516058787703514,1.0,0.18548576533794403,1.0
250,1,assignment_aware,0.6164363580082863,90,0.741875,0.0,0.875,0,985,0,0,-0.053971581161022186,69.67776489257812,0.7990062832832336,0.012600519694387913,1.0,0.27451449632644653,1.0
251,1,assignment_aware,0.34753736312814,91,0.25625,0.0,0.25,0,241,0,0,-0.004485564772039652,51.48635482788086,0.694634735584259,0.0057784211821854115,1.0,0.33872631192207336,1.0
252,1,assignment_aware,0.1403142675262643,91,0.339375,0.0,0.25,0,497,0,0,-0.003908955492079258,7.433498382568359,0.7893827557563782,0.0035355035215616226,1.0,0.10646067559719086,1.0
253,1,assignment_aware,0.6530822521995105,91,0.511875,0.0,0.5,0,753,0,0,-0.047592952847480774,63.81606674194336,0.7527728080749512,0.027247564867138863,1.0,0.23636984825134277,1.0
254,1,assignment_aware,0.37118647613237954,92,0.02375,0.0,0.125,0,9,0,0,-0.025638103485107422,25.052749633789062,0.7800800800323486,0.008777898736298084,1.0,0.35248997807502747,1.0
255,1,assignment_aware,0.7416748934811039,92,0.2325,0.125,0.375,0,265,0,0,-0.017333639785647392,73.51956939697266,0.7898837924003601,0.01962077058851719,1.0,0.14200758934020996,1.0
256,1,assignment_aware,0.19081888555047044,92,0.34375,0.125,0.375,0,521,0,0,-0.016981011256575584,4.3996124267578125,0.7888010144233704,0.017978230491280556,1.0,0.24470342695713043,1.0
257,1,assignment_aware,0.09877917450927498,92,0.375625,0.125,0.375,0,777,0,0,0.0008832626044750214,5.476829528808594,0.8046817779541016,0.0048152366653084755,1.0,0.0708259791135788,1.0
258,1,assignment_aware,0.526446737194874,93,0.0675,0.0,0.0,0,33,0,0,-0.01689070090651512,60.9804573059082,0.7151451706886292,0.018538082018494606,1.0,0.1604204773902893,1.0
259,1,assignment_aware,0.4410951001784724,93,0.31125,0.0,0.375,0,289,0,0,0.004131521098315716,50.804405212402344,0.7768529057502747,0.009831351228058338,1.0,0.2545219361782074,1.0
260,1,assignment_aware,0.07180846586106782,93,0.319375,0.0,0.375,0,545,0,0,-0.016654333099722862,11.416313171386719,0.7755653858184814,0.020395489409565926,1.0,0.10560353100299835,1.0
261,1,assignment_aware,0.259290467768551,93,0.385,0.0,0.5,0,801,0,0,-0.005128341726958752,9.91830825805664,0.7550358772277832,0.032338861376047134,1.0,0.29774677753448486,1.0
262,1,assignment_aware,0.17175740913512527,94,0.12375,0.0,0.0,0,57,0,0,-0.030085861682891846,7.3650641441345215,0.5936458706855774,0.003941381350159645,1.0,0.29321151971817017,1.0
263,1,assignment_aware,0.4313923013032763,94,0.423125,0.0,0.0,0,313,0,0,-0.004494085907936096,41.77595520019531,0.7196194529533386,0.007425297051668167,1.0,0.3362519443035126,1.0
264,1,assignment_aware,1.0457083057008276,94,0.450625,0.0,0.0,0,569,0,0,-0.008659936487674713,375.34716796875,0.7864012122154236,0.010868147015571594,1.0,0.15536953508853912,1.0
265,1,assignment_aware,1.2864291565929307,94,0.50875,0.0,0.25,0,825,0,0,-0.008191107772290707,502.0065612792969,0.7417023777961731,0.009003053419291973,1.0,0.24099516868591309,1.0
266,1,assignment_aware,0.6090752571435587,95,0.41125,0.0,0.625,0,228,0,0,-0.005979625042527914,269.0690612792969,0.6998675465583801,0.0038551725447177887,1.0,0.20538648962974548,1.0
267,1,assignment_aware,0.12162042314594146,95,0.47375,0.0,0.625,0,484,0,0,-0.025465629994869232,7.4677629470825195,0.7843635678291321,0.043075382709503174,1.0,0.23347170650959015,1.0
268,1,assignment_aware,0.13703150045603252,95,0.478125,0.0,0.625,0,740,0,0,-0.03655498847365379,2.385455369949341,0.7978625297546387,0.024258049204945564,1.0,0.16041406989097595,1.0
269,1,assignment_aware,0.09528205712263116,95,0.49375,0.0,0.625,0,996,0,0,-0.011932794004678726,2.446512460708618,0.6970682740211487,0.00941142812371254,1.0,0.2066090703010559,1.0
270,1,assignment_aware,0.5512367040964818,96,0.301875,0.0,0.375,0,252,0,0,-0.03531986474990845,79.21885681152344,0.8083963394165039,0.03175356984138489,1.0,0.2663179934024811,1.0
271,1,assignment_aware,0.38735563755767544,96,0.52875,0.0,0.75,0,508,0,0,-0.04387687146663666,22.880985260009766,0.7603316307067871,0.038170453161001205,1.0,0.19009391963481903,1.0
272,1,assignment_aware,0.0857993886334043,96,0.539375,0.0,0.75,0,764,0,0,-0.036254771053791046,4.477132797241211,0.8170759677886963,0.0311224777251482,1.0,0.22302976250648499,1.0
273,1,assignment_aware,0.3323953875778898,97,0.050625,0.0,0.125,0,20,0,0,-0.031017357483506203,11.606308937072754,0.7194889187812805,0.026774847880005836,1.0,0.14985203742980957,1.0
274,1,assignment_aware,0.5951369405956939,97,0.351875,0.0,0.25,0,276,0,0,-0.010066375136375427,55.90229034423828,0.6344109177589417,0.010961738415062428,1.0,0.29253822565078735,1.0
275,1,assignment_aware,0.5813631849168814,97,0.52875,0.0,0.375,0,532,0,0,-0.034314706921577454,32.360782623291016,0.742442786693573,0.03386472910642624,1.0,0.1873634308576584,1.0
276,1,assignment_aware,0.39092892162261705,97,0.535,0.0,0.375,0,788,0,0,-0.031124787405133247,9.827339172363281,0.7974702715873718,0.015399246476590633,1.0,0.1600203514099121,1.0
277,1,assignment_aware,0.7433711975427286,98,0.1175,0.0,0.5,0,44,0,0,0.00794912502169609,202.12448120117188,0.6765845417976379,0.002419369528070092,1.0,0.22404921054840088,1.0
278,1,assignment_aware,0.42302490538895654,98,0.374375,0.0,0.5,0,300,0,0,-0.03780719265341759,4.8389129638671875,0.7979651093482971,0.03310238569974899,1.0,0.2002226859331131,1.0
279,1,assignment_aware,0.22497389878071772,98,0.41125,0.0,0.5,0,556,0,0,-0.015398897230625153,11.02807331085205,0.8188006281852722,0.007697475608438253,1.0,0.2131071388721466,1.0
280,1,assignment_aware,0.5870366147696586,98,0.4975,0.0,0.75,0,812,0,0,-0.029394496232271194,39.73848342895508,0.7208780646324158,0.05148692801594734,1.0,0.2233390510082245,1.0
281,1,assignment_aware,0.4052010005325428,100,0.0975,0.0,0.0,0,44,0,0,-0.004206281621009111,296.46417236328125,0.595058262348175,0.016552641987800598,1.0,0.30513066053390503,1.0
282,1,assignment_aware,0.7754237407862092,100,0.374375,0.0,0.375,0,300,0,0,-0.04485718905925751,108.05517578125,0.5957371592521667,-0.002394665265455842,1.0,0.28117579221725464,1.0
283,1,assignment_aware,0.153026267507812,101,0.2825,0.0,0.0,0,209,0,0,-0.044898878782987595,140.71328735351562,0.6266463994979858,0.010036124847829342,1.0,0.25740569829940796,1.0
284,1,assignment_aware,0.501535908493679,101,0.3675,0.0,0.0,0,465,0,0,-0.01754619926214218,55.02262878417969,0.7350480556488037,0.009657475166022778,1.0,0.1474883109331131,1.0
285,1,assignment_aware,0.11887520966638476,101,0.414375,0.0,0.0,0,721,0,0,-0.02051284722983837,11.364048957824707,0.8112742900848389,0.01513133104890585,1.0,0.16213200986385345,1.0
286,1,assignment_aware,0.1865434165320039,101,0.4625,0.0,0.125,0,977,0,0,-0.04486638307571411,19.41077423095703,0.6851050853729248,0.00417662039399147,1.0,0.29146483540534973,1.0
287,1,assignment_aware,0.3712186080265383,102,0.2775,0.0,0.125,0,233,0,0,-0.0009248219430446625,60.91043472290039,0.6120614409446716,0.029656900092959404,1.0,0.25851312279701233,1.0
288,1,assignment_aware,0.06047672110435087,102,0.34,0.0,0.125,0,489,0,0,-0.03314218297600746,18.651153564453125,0.6966643333435059,0.004477927926927805,1.0,0.2535766661167145,1.0
289,1,assignment_aware,0.4684472074586665,103,0.124375,0.0,0.25,0,129,0,0,-0.020228277891874313,366.20989990234375,0.6824575066566467,0.008110408671200275,1.0,0.2857460081577301,1.0
290,1,assignment_aware,0.7995175093765283,103,0.27375,0.0,0.25,0,385,0,0,-0.005415491759777069,92.92167663574219,0.8060856461524963,0.0020841301884502172,1.0,0.12057492882013321,1.0
291,1,assignment_aware,0.7367060339765885,103,0.2775,0.0,0.25,0,641,0,0,-0.018399221822619438,80.42876434326172,0.7599321007728577,0.011199804954230785,1.0,0.07353251427412033,1.0
292,1,assignment_aware,1.0700125964995095,103,0.306875,0.0,0.25,0,897,0,0,-0.024546485394239426,190.21240234375,0.7666425704956055,0.00876988098025322,1.0,0.2787368893623352,1.0
293,1,assignment_aware,1.002754323384579,104,0.23375,0.0,0.125,0,153,0,0,-0.0336158387362957,282.4114074707031,0.5846326947212219,0.026485277339816093,1.0,0.24662886559963226,1.0
294,1,assignment_aware,0.01096557199707604,104,0.373125,0.0,0.125,0,409,0,0,-0.03174945339560509,38.566959381103516,0.7905685305595398,0.0379154197871685,1.0,0.24851833283901215,1.0
295,1,assignment_aware,0.42589545076407376,105,0.27125,0.0,0.25,0,141,0,0,-0.03459104150533676,239.10977172851562,0.650547981262207,0.028056086972355843,1.0,0.2821955978870392,1.0
296,1,assignment_aware,0.19457067082475987,105,0.33625,0.0,0.375,0,397,0,0,-0.04601697996258736,9.96035385131836,0.8111807703971863,0.015707960352301598,1.0,0.24020028114318848,1.0
297,1,assignment_aware,0.045984919926922885,105,0.343125,0.0,0.375,0,653,0,0,0.0007210914045572281,14.39698314666748,0.7878641486167908,0.04250096157193184,1.0,0.31914687156677246,1.0
298,1,assignment_aware,0.13766895228764042,105,0.344375,0.0,0.375,0,909,0,0,-0.03245554864406586,1.548354148864746,0.7751431465148926,0.00977934617549181,1.0,0.2631246745586395,1.0
299,1,assignment_aware,0.7471669214560279,107,0.16625,0.0,0.25,0,142,0,0,-0.004766122903674841,304.59796142578125,0.6192209124565125,0.0368468351662159,1.0,0.18178869783878326,1.0
300,1,assignment_aware,0.2818437188352618,107,0.245625,0.0,0.375,0,398,0,0,0.0033558933064341545,3.9311180114746094,0.7245306968688965,0.05284813418984413,1.0,0.29715538024902344,1.0
